# page_id, page_title, page_namespace, rev_id, rev_timestamp, rev_datetime, text_id, txt, txt_ru
'4961', 'Прил_ru_1a', '10', '8020', '20211009195942', '2021/10/09 19:59:42', '8007', '<noinclude>{{semiprotected|nocat=1}}</noinclude>{{прил\n|nom-sg-m={{{основа}}}ый\n|nom-sg-n={{{основа}}}ое\n|nom-sg-f={{{основа}}}ая\n|nom-pl={{{основа}}}ые\n|gen-sg-m={{{основа}}}ого\n|gen-sg-n={{{основа}}}ого\n|gen-sg-f={{{основа}}}ой\n|gen-pl={{{основа}}}ых\n|dat-sg-m={{{основа}}}ому\n|dat-sg-n={{{основа}}}ому\n|dat-sg-f={{{основа}}}ой\n|dat-pl={{{основа}}}ым\n|acc-sg-m-a={{{основа}}}ого\n|acc-sg-m-n={{{основа}}}ый\n|acc-sg-n={{{основа}}}ое\n|acc-sg-f={{{основа}}}ую\n|acc-pl-a={{{основа}}}ых\n|acc-pl-n={{{основа}}}ые\n|ins-sg-m={{{основа}}}ым\n|ins-sg-n={{{основа}}}ым\n|ins-sg-f={{{основа}}}ой {{{основа}}}ою\n|ins-pl={{{основа}}}ыми\n|prp-sg-m={{{основа}}}ом\n|prp-sg-n={{{основа}}}ом\n|prp-sg-f={{{основа}}}ой\n|prp-pl={{{основа}}}ых\n|краткая={{{краткая|}}}\n|anim={{{anim|}}}\n|srt-sg-m={{{srt-sg-m|{{{основа}}}}}}\n|srt-sg-n={{{srt-sg-n|{{{основа}}}о}}}\n|srt-sg-f={{{srt-sg-f|{{{основа}}}а}}}\n|srt-pl={{{srt-pl|{{{основа}}}ы}}}\n|nom={{{nom|}}}|non={{{non|}}}|nof={{{nof|}}}|nol={{{nol|}}}\n|суфф={{{суфф|}}}\n}}\n{{прил ru\n|часть речи={{{часть речи|[[прилагательное|Прилагательное]]}}}\n|слоги={{{слоги|}}}\n|основа={{{основа|}}}\n|тип={{{тип|}}}\n|дореф={{{дореф|}}}\n|зализняк={{{type|1a}}}\n|зализняк1={{{зализняк1|}}}\n|anim={{{anim|}}}\n|род={{{род|}}}\n|степень={{{степень|}}}\n|hide-text={{{hide-text|}}}\n|коммент={{{коммент|}}}\n}}<noinclude>[[Категория:Шаблоны словоизменений/Прилагательные]]\n== Параметры ==\n* \'\'\'основа\'\'\': слово без окончания\n* \'\'\'основа1, основа2\'\'\': дополнительные варианты основы краткой формы\n* \'\'\'краткая\'\'\': если параметр указан, то краткая форма существует\n* \'\'\'часть речи\'\'\': часть речи, склоняющаяся по адъективной форме\n* \'\'\'Категория\'\'\': категория по склонению\n* \'\'\'степень\'\'\': форма сравнительной степени\n* \'\'\'anim\'\'\': одушевлённость (\'\'yes\'\'/\'\'no\'\')\n* \'\'\'type\'\'\': тип по Зализняку\n* \'\'\'дореф\'\'\': написание в дореформенной орфографии (только встречающиеся в текстах; словарный вариант предпочтительнее)\n* \'\'\'nom/non/nof\'\'\': если соответствующий параметр указан, то форма соответственно мужского/среднего/женского рода не используется</noinclude>', NULL
'4966', 'Прил_ru_2a', '10', '8026', '20211009222124', '2021/10/09 22:21:24', '8013', '{{прил\n|nom-sg-m={{{основа}}}ий\n|nom-sg-n={{{основа}}}ее\n|nom-sg-f={{{основа}}}яя\n|nom-pl={{{основа}}}ие\n|gen-sg-m={{{основа}}}его\n|gen-sg-n={{{основа}}}его\n|gen-sg-f={{{основа}}}ей\n|gen-pl={{{основа}}}их\n|dat-sg-m={{{основа}}}ему\n|dat-sg-n={{{основа}}}ему\n|dat-sg-f={{{основа}}}ей\n|dat-pl={{{основа}}}им\n|acc-sg-m-a={{{основа}}}его\n|acc-sg-m-n={{{основа}}}ий\n|acc-sg-n={{{основа}}}ее\n|acc-sg-f={{{основа}}}юю\n|acc-pl-a={{{основа}}}их\n|acc-pl-n={{{основа}}}ие\n|ins-sg-m={{{основа}}}им\n|ins-sg-n={{{основа}}}им\n|ins-sg-f={{{основа}}}ей {{{основа}}}ею\n|ins-pl={{{основа}}}ими\n|prp-sg-m={{{основа}}}ем\n|prp-sg-n={{{основа}}}ем\n|prp-sg-f={{{основа}}}ей\n|prp-pl={{{основа}}}их\n|краткая={{{краткая|1}}}\n|anim={{{anim|}}}\n|srt-sg-m={{{srt-sg-m|{{{основа}}}ь}}}\n|srt-sg-n={{{srt-sg-n|{{{основа}}}е}}}\n|srt-sg-f={{{srt-sg-f|{{{основа}}}я}}}\n|srt-pl={{{srt-pl|{{{основа}}}и}}}\n|nom={{{nom|}}}|non={{{non|}}}|nof={{{nof|}}}\n}}\n{{прил ru\n|часть речи={{{часть речи|[[прилагательное|Прилагательное]]}}}\n|слоги={{{слоги|}}}\n|основа={{{основа|}}}\n|тип={{{тип|}}}\n|дореф={{{дореф|}}}\n|зализняк={{{type|2a}}}\n|зализняк1={{{зализняк1|}}}\n|anim={{{anim|}}}\n|род={{{род|}}}\n|степень={{{степень|}}}\n|hide-text={{{hide-text|}}}\n|коммент={{{коммент|}}}\n}}<noinclude>[[Категория:Шаблоны словоизменений/Прилагательные]]</noinclude>', NULL
'4967', 'Прил_ru_3a', '10', '8027', '20211009205232', '2021/10/09 20:52:32', '8014', '<noinclude>{{semiprotected|nocat=1}}</noinclude>\n{{прил\n|nom-sg-m={{{основа}}}ий\n|nom-sg-n={{{основа}}}ое\n|nom-sg-f={{{основа}}}ая\n|nom-pl={{{основа}}}ие\n|gen-sg-m={{{основа}}}ого\n|gen-sg-n={{{основа}}}ого\n|gen-sg-f={{{основа}}}ой\n|gen-pl={{{основа}}}их\n|dat-sg-m={{{основа}}}ому\n|dat-sg-n={{{основа}}}ому\n|dat-sg-f={{{основа}}}ой\n|dat-pl={{{основа}}}им\n|acc-sg-m-a={{{основа}}}ого\n|acc-sg-m-n={{{основа}}}ий\n|acc-sg-n={{{основа}}}ое\n|acc-sg-f={{{основа}}}ую\n|acc-pl-a={{{основа}}}их\n|acc-pl-n={{{основа}}}ие\n|ins-sg-m={{{основа}}}им\n|ins-sg-n={{{основа}}}им\n|ins-sg-f={{{основа}}}ой {{{основа}}}ою\n|ins-pl={{{основа}}}ими\n|prp-sg-m={{{основа}}}ом\n|prp-sg-n={{{основа}}}ом\n|prp-sg-f={{{основа}}}ой\n|prp-pl={{{основа}}}их\n|краткая={{{краткая|1}}}\n|anim={{{anim|}}}\n|srt-sg-m={{{srt-sg-m|{{{основа}}}}}}\n|srt-sg-n={{{srt-sg-n|{{{основа}}}о}}}\n|srt-sg-f={{{srt-sg-f|{{{основа}}}а}}}\n|srt-pl={{{srt-pl|{{{основа}}}и}}}\n|nom={{{nom|}}}|non={{{non|}}}|nof={{{nof|}}}|nol={{{nol|}}}\n|суфф={{{суфф|}}}\n}}\n{{прил ru\n|часть речи={{{часть речи|[[прилагательное|Прилагательное]]}}}\n|слоги={{{слоги|}}}\n|основа={{{основа|}}}\n|тип={{{тип|}}}\n|дореф={{{дореф|}}}\n|зализняк={{{type|3a}}}\n|зализняк1={{{зализняк1|}}}\n|anim={{{anim|}}}\n|род={{{род|}}}\n|степень={{{степень|}}}\n|hide-text={{{hide-text|}}}\n|коммент={{{коммент|}}}\n}}<noinclude>[[Категория:Шаблоны словоизменений/Прилагательные]]\n</noinclude>', NULL
'4968', 'Прил_ru_4a', '10', '8028', '20211009223041', '2021/10/09 22:30:41', '8015', '{{прил\n|nom-sg-m={{{основа|{{{1}}}}}}ий\n|nom-sg-n={{{основа|{{{1}}}}}}ее\n|nom-sg-f={{{основа|{{{1}}}}}}ая\n|nom-pl={{{основа|{{{1}}}}}}ие\n|gen-sg-m={{{основа|{{{1}}}}}}его\n|gen-sg-n={{{основа|{{{1}}}}}}его\n|gen-sg-f={{{основа|{{{1}}}}}}ей\n|gen-pl={{{основа|{{{1}}}}}}их\n|dat-sg-m={{{основа|{{{1}}}}}}ему\n|dat-sg-n={{{основа|{{{1}}}}}}ему\n|dat-sg-f={{{основа|{{{1}}}}}}ей\n|dat-pl={{{основа|{{{1}}}}}}им\n|acc-sg-m-a={{{основа|{{{1}}}}}}его\n|acc-sg-m-n={{{основа|{{{1}}}}}}ий\n|acc-sg-n={{{основа|{{{1}}}}}}ее\n|acc-sg-f={{{основа|{{{1}}}}}}ую\n|acc-pl-a={{{основа|{{{1}}}}}}их\n|acc-pl-n={{{основа|{{{1}}}}}}ие\n|ins-sg-m={{{основа|{{{1}}}}}}им\n|ins-sg-n={{{основа|{{{1}}}}}}им\n|ins-sg-f={{{основа|{{{1}}}}}}ей{{{суфф|}}} {{{основа|{{{1}}}}}}ею\n|ins-pl={{{основа|{{{1}}}}}}ими\n|prp-sg-m={{{основа|{{{1}}}}}}ем\n|prp-sg-n={{{основа|{{{1}}}}}}ем\n|prp-sg-f={{{основа|{{{1}}}}}}ей\n|prp-pl={{{основа|{{{1}}}}}}их\n|краткая={{{краткая|}}}\n|anim={{{anim|}}}\n|srt-sg-m={{{srt-sg-m|{{{основа|{{{1}}}}}}}}}\n|srt-sg-n={{{srt-sg-n|{{{основа|{{{1}}}}}}е}}}\n|srt-sg-f={{{srt-sg-f|{{{основа|{{{1}}}}}}а}}}\n|srt-pl={{{srt-pl|{{{основа|{{{1}}}}}}и}}}\n|nom={{{nom|}}}|non={{{non|}}}|nof={{{nof|}}}\n|суфф={{{суфф|}}}\n}}\n{{прил ru\n|часть речи={{{часть речи|[[прилагательное|Прилагательное]]}}}\n|слоги={{{слоги|}}}\n|основа={{{основа|}}}\n|тип={{{тип|}}}\n|дореф={{{дореф|}}}\n|зализняк={{{type|4a}}}\n|зализняк1={{{зализняк1|}}}\n|anim={{{anim|}}}\n|род={{{род|}}}\n|степень={{{степень|}}}\n|hide-text={{{hide-text|}}}\n|коммент={{{коммент|}}}\n}}<noinclude>[[Категория:Шаблоны словоизменений/Прилагательные]]</noinclude>', NULL
'4969', 'Прил_ru_4a-ся', '10', '8029', '20211009223121', '2021/10/09 22:31:21', '8016', '{{прил ru 4a\n|краткая=\n|суфф=ся\n|anim={{{anim|}}}\n|основа={{{основа}}}\n|nom={{{nom|}}}|non={{{non|}}}|nof={{{nof|}}}\n|hide-text={{{hide-text|}}}\n|слоги={{{слоги|}}}\n|тип={{{тип|}}}\n|type=4a\n|степень=\n}}<noinclude>[[Категория:Шаблоны словоизменений/Прилагательные]]</noinclude>', NULL
'4993', 'Прил_ru_5a', '10', '8055', '20211009223609', '2021/10/09 22:36:09', '8042', '{{прил\n|nom-sg-m={{{основа}}}ый\n|nom-sg-n={{{основа}}}ее\n|nom-sg-f={{{основа}}}ая\n|nom-pl={{{основа}}}ые\n|gen-sg-m={{{основа}}}его\n|gen-sg-n={{{основа}}}его\n|gen-sg-f={{{основа}}}ей\n|gen-pl={{{основа}}}ых\n|dat-sg-m={{{основа}}}ему\n|dat-sg-n={{{основа}}}ему\n|dat-sg-f={{{основа}}}ей\n|dat-pl={{{основа}}}ым\n|acc-sg-m-a={{{основа}}}его\n|acc-sg-m-n={{{основа}}}ый\n|acc-sg-n={{{основа}}}ее\n|acc-sg-f={{{основа}}}ую\n|acc-pl-a={{{основа}}}ых\n|acc-pl-n={{{основа}}}ые\n|ins-sg-m={{{основа}}}ым\n|ins-sg-n={{{основа}}}ым\n|ins-sg-f={{{основа}}}ей {{{основа}}}ею\n|ins-pl={{{основа}}}ыми\n|prp-sg-m={{{основа}}}ем\n|prp-sg-n={{{основа}}}ем\n|prp-sg-f={{{основа}}}ей\n|prp-pl={{{основа}}}ых\n|краткая={{{краткая|1}}}\n|anim={{{anim|}}}\n|srt-sg-m={{{srt-sg-m|{{{основа}}}}}}\n|srt-sg-n={{{srt-sg-n|{{{основа}}}е}}}\n|srt-sg-f={{{srt-sg-f|{{{основа}}}а}}}\n|srt-pl={{{srt-pl|{{{основа}}}ы}}}\n|nom={{{nom|}}}|non={{{non|}}}|nof={{{nof|}}}\n|суфф={{{суфф|}}}\n}}\n{{прил ru\n|часть речи={{{часть речи|[[прилагательное|Прилагательное]]}}}\n|слоги={{{слоги|}}}\n|основа={{{основа|}}}\n|тип={{{тип|}}}\n|дореф={{{дореф|}}}\n|зализняк={{{type|5a}}}\n|зализняк1={{{зализняк1|}}}\n|anim={{{anim|}}}\n|род={{{род|}}}\n|степень={{{степень|}}}\n|hide-text={{{hide-text|}}}\n|коммент={{{коммент|}}}\n}}<noinclude>[[Категория:Шаблоны словоизменений/Прилагательные]]</noinclude>', NULL
'4995', 'Прил_ru_6a', '10', '8057', '20211009223723', '2021/10/09 22:37:23', '8044', '{{прил\n|nom-sg-m={{{основа}}}ий\n|nom-sg-n={{{основа}}}ее\n|nom-sg-f={{{основа}}}яя\n|nom-pl={{{основа}}}ие\n|gen-sg-m={{{основа}}}его\n|gen-sg-n={{{основа}}}его\n|gen-sg-f={{{основа}}}ей\n|gen-pl={{{основа}}}их\n|dat-sg-m={{{основа}}}ему\n|dat-sg-n={{{основа}}}ему\n|dat-sg-f={{{основа}}}ей\n|dat-pl={{{основа}}}им\n|acc-sg-m-a={{{основа}}}его\n|acc-sg-m-n={{{основа}}}ий\n|acc-sg-n={{{основа}}}ее\n|acc-sg-f={{{основа}}}юю\n|acc-pl-a={{{основа}}}их\n|acc-pl-n={{{основа}}}ие\n|ins-sg-m={{{основа}}}им\n|ins-sg-n={{{основа}}}им\n|ins-sg-f={{{основа}}}ей {{{основа}}}ею\n|ins-pl={{{основа}}}ими\n|prp-sg-m={{{основа}}}ем\n|prp-sg-n={{{основа}}}ем\n|prp-sg-f={{{основа}}}ей\n|prp-pl={{{основа}}}их\n|краткая={{{краткая|}}}\n|anim={{{anim|}}}\n|srt-sg-m={{{srt-sg-m|{{{основа}}}й}}}\n|srt-sg-n={{{srt-sg-n|{{{основа}}}е}}}\n|srt-sg-f={{{srt-sg-f|{{{основа}}}я}}}\n|srt-pl={{{srt-pl|{{{основа}}}и}}}\n|nom={{{nom|}}}|non={{{non|}}}|nof={{{nof|}}}|nol={{{nol|}}}\n}}\n{{прил ru\n|часть речи={{{часть речи|[[прилагательное|Прилагательное]]}}}\n|слоги={{{слоги|}}}\n|основа={{{основа|}}}\n|тип={{{тип|}}}\n|дореф={{{дореф|}}}\n|зализняк={{{type|6a}}}\n|зализняк1={{{зализняк1|}}}\n|anim={{{anim|}}}\n|род={{{род|}}}\n|степень={{{степень|}}}\n|hide-text={{{hide-text|}}}\n|коммент={{{коммент|}}}\n}}<noinclude>[[Категория:Шаблоны словоизменений/Прилагательные]]</noinclude>', NULL
'4997', 'Прил_ru_1b', '10', '8059', '20211009221119', '2021/10/09 22:11:19', '8046', '{{прил\n|nom-sg-m={{{основа}}}о́й\n|nom-sg-n={{{основа}}}о́е\n|nom-sg-f={{{основа}}}а́я\n|nom-pl={{{основа}}}ы́е\n|gen-sg-m={{{основа}}}о́го\n|gen-sg-n={{{основа}}}о́го\n|gen-sg-f={{{основа}}}о́й\n|gen-pl={{{основа}}}ы́х\n|dat-sg-m={{{основа}}}о́му\n|dat-sg-n={{{основа}}}о́му\n|dat-sg-f={{{основа}}}о́й\n|dat-pl={{{основа}}}ы́м\n|acc-sg-m-a={{{основа}}}о́го\n|acc-sg-m-n={{{основа}}}о́й\n|acc-sg-n={{{основа}}}о́е\n|acc-sg-f={{{основа}}}у́ю\n|acc-pl-a={{{основа}}}ы́х\n|acc-pl-n={{{основа}}}ы́е\n|ins-sg-m={{{основа}}}ы́м\n|ins-sg-n={{{основа}}}ы́м\n|ins-sg-f={{{основа}}}о́й {{{основа}}}о́ю\n|ins-pl={{{основа}}}ы́ми\n|prp-sg-m={{{основа}}}о́м\n|prp-sg-n={{{основа}}}о́м\n|prp-sg-f={{{основа}}}о́й\n|prp-pl={{{основа}}}ы́х\n|краткая={{{краткая|}}}\n|anim={{{anim|}}}\n|srt-sg-m={{{srt-sg-m|{{{основа1}}}}}}\n|srt-sg-n={{{srt-sg-n|{{{основа}}}о́}}}\n|srt-sg-f={{{srt-sg-f|{{{основа}}}а́}}}\n|srt-pl={{{srt-pl|{{{основа}}}ы́}}}\n|nom={{{nom|}}}|non={{{non|}}}|nof={{{nof|}}}|nol={{{nol|}}}\n|суфф={{{суфф|}}}\n}}\n{{прил ru\n|часть речи={{{часть речи|[[прилагательное|Прилагательное]]}}}\n|слоги={{{слоги|}}}\n|основа={{{основа|}}}\n|тип={{{тип|}}}\n|дореф={{{дореф|}}}\n|зализняк={{{type|1b}}}\n|зализняк1={{{зализняк1|}}}\n|anim={{{anim|}}}\n|род={{{род|}}}\n|степень={{{степень|}}}\n|hide-text={{{hide-text|}}}\n|коммент={{{коммент|}}}\n}}<noinclude>[[Категория:Шаблоны словоизменений/Прилагательные]]</noinclude>', NULL
'4999', 'Прил_ru_3b', '10', '8061', '20211009222532', '2021/10/09 22:25:32', '8048', '{{прил\n|nom-sg-m={{{основа}}}о́й\n|nom-sg-n={{{основа}}}о́е\n|nom-sg-f={{{основа}}}а́я\n|nom-pl={{{основа}}}и́е\n|gen-sg-m={{{основа}}}о́го\n|gen-sg-n={{{основа}}}о́го\n|gen-sg-f={{{основа}}}о́й\n|gen-pl={{{основа}}}и́х\n|dat-sg-m={{{основа}}}о́му\n|dat-sg-n={{{основа}}}о́му\n|dat-sg-f={{{основа}}}о́й\n|dat-pl={{{основа}}}и́м\n|acc-sg-m-a={{{основа}}}о́го\n|acc-sg-m-n={{{основа}}}о́й\n|acc-sg-n={{{основа}}}о́е\n|acc-sg-f={{{основа}}}у́ю\n|acc-pl-a={{{основа}}}и́х\n|acc-pl-n={{{основа}}}и́е\n|ins-sg-m={{{основа}}}и́м\n|ins-sg-n={{{основа}}}и́м\n|ins-sg-f={{{основа}}}о́й  {{{основа}}}о́ю\n|ins-pl={{{основа}}}и́ми\n|prp-sg-m={{{основа}}}о́м\n|prp-sg-n={{{основа}}}о́м\n|prp-sg-f={{{основа}}}о́й\n|prp-pl={{{основа}}}и́х\n|краткая={{{краткая|}}}\n|anim={{{anim|}}}\n|srt-sg-m={{{srt-sg-m|}}}\n|srt-sg-n={{{srt-sg-n|}}}\n|srt-sg-f={{{srt-sg-f|}}}\n|srt-pl={{{srt-pl|}}}\n|nom={{{nom|}}}|non={{{non|}}}|nof={{{nof|}}}\n|суфф={{{суфф|}}}\n}}\n{{прил ru\n|часть речи={{{часть речи|[[прилагательное|Прилагательное]]}}}\n|слоги={{{слоги|}}}\n|основа={{{основа|}}}\n|тип={{{тип|}}}\n|дореф={{{дореф|}}}\n|зализняк={{{type|3b}}}\n|зализняк1={{{зализняк1|}}}\n|anim={{{anim|}}}\n|род={{{род|}}}\n|степень={{{степень|}}}\n|hide-text={{{hide-text|}}}\n|коммент={{{коммент|}}}\n}}<noinclude>[[Категория:Шаблоны словоизменений/Прилагательные]]</noinclude>', NULL
'5001', 'Прил_ru_1*b', '10', '8063', '20211009221149', '2021/10/09 22:11:49', '8050', '{{прил ru 1b\n|краткая=1\n|anim={{{anim|}}}\n|основа={{{основа}}}\n|srt-sg-m={{{основа1}}}\n|nom={{{nom|}}}|non={{{non|}}}|nof={{{nof|}}}|nol={{{nol|}}}\n|hide-text={{{hide-text|}}}\n|слоги={{{слоги|}}}\n|тип={{{тип|}}}\n|type=1*b\n|степень={{{степень|[[{{{основа}}}ее|{{{основа}}}е́е]], [[{{{основа}}}ей|{{{основа}}}е́й]], [[по{{{основа}}}ее|по{{{основа}}}е́е]], [[по{{{основа}}}ей|по{{{основа}}}е́й]].}}}\n}}<noinclude>[[Категория:Шаблоны словоизменений/Прилагательные]]</noinclude>', NULL
'5002', 'Прил_ru_1*a', '10', '8064', '20211009185409', '2021/10/09 18:54:09', '8051', '<noinclude>{{semiprotected|nocat=1}}</noinclude>{{прил ru 1a\n|краткая=1\n|anim={{{anim|}}}\n|основа={{{основа}}}\n|srt-sg-m={{{основа1}}}\n|nom={{{nom|}}}|non={{{non|}}}|nof={{{nof|}}}\n|hide-text={{{hide-text|}}}\n|слоги={{{слоги|}}}\n|часть речи={{{часть речи|[[прилагательное|Прилагательное]]}}}\n|тип={{{тип|}}}\n|type=1*a\n|степень={{#switch:{{{степень|}}}|=|1={{{основа}}}ее, {{{основа}}}ей|{{{степень}}}}}\n|дореф={{{дореф|}}}\n|коммент={{{коммент|}}}\n}}<noinclude>[[Категория:Шаблоны словоизменений/Прилагательные]]</noinclude>', NULL
'5003', 'Прил_ru_1*a\'', '10', '8065', '20160203151209', '2016/02/03 15:12:09', '8052', '{{прил ru 1a\n|краткая=1\n|anim={{{anim|}}}\n|основа={{{основа}}}\n|srt-sg-m={{{основа1}}}\n|srt-sg-f={{{основа}}}а<br>{{{основа2}}}а́\n|nom={{{nom|}}}|non={{{non|}}}|nof={{{nof|}}}\n|hide-text={{{hide-text|}}}\n|слоги={{{слоги|}}}\n|часть речи={{{часть речи|Прилагательное}}}\n|тип={{{тип|}}}\n|type=1*a\'\n|степень={{{степень|{{{основа}}}е́е, {{{основа}}}е́й, по{{{основа}}}е́е, по{{{основа}}}е́й}}}\n|Категория={{{Категория|Прилагательные, склонение 1*a\'}}}\n}}<noinclude>[[Категория:Шаблоны словоизменений/Прилагательные]]</noinclude>', NULL
'5062', 'Прил_ru_3*a', '10', '8124', '20211009205300', '2021/10/09 20:53:00', '8111', '{{прил ru 3a\n|краткая=1\n|anim={{{anim|}}}\n|основа={{{основа}}}\n|srt-sg-m={{{основа1}}}\n|nom={{{nom|}}}|non={{{non|}}}|nof={{{nof|}}}|nol={{{nol|}}}\n|hide-text={{{hide-text|}}}\n|слоги={{{слоги|}}}\n|тип={{{тип|}}}\n|type=3*a\n|степень={{{степень|}}}\n}}<noinclude>[[Категория:Шаблоны словоизменений/Прилагательные]]</noinclude>', NULL
'5063', 'Прил_ru_3*a/c', '10', '8125', '20211009205324', '2021/10/09 20:53:24', '8112', '{{прил ru 3a\n|краткая=1\n|anim={{{anim|}}}\n|основа={{{основа}}}\n|srt-sg-m={{{основа1}}}\n|srt-sg-f={{{основа2}}}а́\n|nom={{{nom|}}}|non={{{non|}}}|nof={{{nof|}}}\n|hide-text={{{hide-text|}}}\n|слоги={{{слоги|}}}\n|тип={{{тип|}}}\n|type=3*a/c\n|степень={{{степень|}}}\n}}<noinclude>[[Категория:Шаблоны словоизменений/Прилагательные]]</noinclude>', NULL
'5064', 'Прил_ru_3*a/c\'', '10', '8126', '20211009205338', '2021/10/09 20:53:38', '8113', '{{прил ru 3a\n|краткая=1\n|anim={{{anim|}}}\n|основа={{{основа}}}\n|srt-sg-m={{{основа1}}}\n|srt-sg-f={{{основа2}}}а́\n|srt-pl={{{основа}}}и<br>{{{основа2}}}и́\n|nom={{{nom|}}}|non={{{non|}}}|nof={{{nof|}}}\n|hide-text={{{hide-text|}}}\n|слоги={{{слоги|}}}\n|дореф={{{дореф|}}}\n|тип={{{тип|}}}\n|type=3*a/c\'\n|степень={{{степень|}}}\n}}<noinclude>[[Категория:Шаблоны словоизменений/Прилагательные]]</noinclude>', NULL
'5065', 'Прил_ru_3*a/c\"', '10', '8127', '20211009205354', '2021/10/09 20:53:54', '8114', '{{прил ru 3a\n|краткая=1\n|anim={{{anim|}}}\n|основа={{{основа}}}\n|srt-sg-m={{{основа1}}}\n|srt-sg-n={{{основа}}}о<br>{{{основа2}}}о́\n|srt-sg-f={{{основа2}}}а́\n|srt-pl={{{основа}}}и<br>{{{основа2}}}и́\n|nom={{{nom|}}}|non={{{non|}}}|nof={{{nof|}}}\n|hide-text={{{hide-text|}}}\n|слоги={{{слоги|}}}\n|тип={{{тип|}}}\n|type=3*a/c\"\n|степень={{{степень|}}}\n}}<noinclude>[[Категория:Шаблоны словоизменений/Прилагательные]]</noinclude>', NULL
'5066', 'Прил_ru_3*a\'', '10', '8128', '20211009205411', '2021/10/09 20:54:11', '8115', '{{прил ru 3a\n|краткая=1\n|anim={{{anim|}}}\n|основа={{{основа}}}\n|srt-sg-m={{{основа1}}}\n|srt-sg-f={{{основа}}}а<br>{{{основа2}}}а́\n|nom={{{nom|}}}|non={{{non|}}}|nof={{{nof|}}}\n|hide-text={{{hide-text|}}}\n|слоги={{{слоги|}}}\n|тип={{{тип|}}}\n|type=3*a\'\n|степень={{{степень|}}}\n}}<noinclude>[[Категория:Шаблоны словоизменений/Прилагательные]]</noinclude>', NULL
'5067', 'Прил_ru_2*a', '10', '8129', '20211009222228', '2021/10/09 22:22:28', '8116', '{{прил ru 2a\n|краткая=1\n|anim={{{anim|}}}\n|основа={{{основа}}}\n|srt-sg-m={{{основа1}}}\n|nom={{{nom|}}}|non={{{non|}}}|nof={{{nof|}}}\n|hide-text={{{hide-text|}}}\n|слоги={{{слоги|}}}\n|тип={{{тип|}}}\n|type=2*a\n|степень={{{степень|}}}\n}}<noinclude>[[Категория:Шаблоны словоизменений/Прилагательные]]</noinclude>', NULL
'5075', 'Прил_ru_1*a/b', '10', '8137', '20211009192432', '2021/10/09 19:24:32', '8124', '{{прил ru 1a\n|краткая=1\n|anim={{{anim|}}}\n|основа={{{основа}}}\n|srt-sg-m={{{основа1}}}\n|srt-sg-n={{{основа2}}}о́\n|srt-sg-f={{{основа2}}}а́\n|srt-pl={{{основа2}}}ы́\n|nom={{{nom|}}}|non={{{non|}}}|nof={{{nof|}}}\n|hide-text={{{hide-text|}}}\n|слоги={{{слоги|}}}\n|тип={{{тип|}}}\n|type=1*a/b\n|степень={{{степень|[[{{{основа2}}}ее|{{{основа2}}}е́е]], [[{{{основа2}}}ей|{{{основа2}}}е́й]], [[по{{{основа2}}}ее|по{{{основа2}}}е́е]], [[по{{{основа2}}}ей|по{{{основа2}}}е́й]]}}}\n}}<noinclude>[[Категория:Шаблоны словоизменений/Прилагательные]]</noinclude>', NULL
'5079', 'Прил_ru_2a/c', '10', '8141', '20211009222441', '2021/10/09 22:24:41', '8128', '{{прил ru 2a\n|краткая=1\n|anim={{{anim|}}}\n|основа={{{основа}}}\n|srt-sg-m={{{основа}}}ь\n|srt-sg-f={{{основа1}}}я́\n|nom={{{nom|}}}|non={{{non|}}}|nof={{{nof|}}}\n|hide-text={{{hide-text|}}}\n|слоги={{{слоги|}}}\n|тип={{{тип|}}}\n|type=2a/c\n|степень={{{степень|{{{основа1}}}е́е, {{{основа1}}}е́й, по{{{основа1}}}е́е, по{{{основа1}}}е́й}}}\n}}<noinclude>[[Категория:Шаблоны словоизменений/Прилагательные]]</noinclude>', NULL
'5083', 'Прил_ru_1*a/c\"', '10', '8145', '20211009192522', '2021/10/09 19:25:22', '8132', '{{прил ru 1a\n|краткая=1\n|anim={{{anim|}}}\n|основа={{{основа}}}\n|srt-sg-m={{{основа1}}}\n|srt-sg-n={{{основа}}}о<br>{{{основа2}}}о́\n|srt-sg-f={{{основа2}}}а́\n|srt-pl={{{основа}}}ы<br>{{{основа2}}}ы́\n|nom={{{nom|}}}|non={{{non|}}}|nof={{{nof|}}}\n|hide-text={{{hide-text|}}}\n|слоги={{{слоги|}}}\n|тип={{{тип|}}}\n|type=1*a/c\"\n|степень={{{степень|{{{основа2}}}е́е, {{{основа2}}}е́й, по{{{основа2}}}е́е, по{{{основа2}}}е́й}}}\n}}<noinclude>[[Категория:Шаблоны словоизменений/Прилагательные]]</noinclude>', NULL
'5147', 'Прил_ru_3a/c\"', '10', '8212', '20211009205720', '2021/10/09 20:57:20', '8199', '{{прил ru 3a\n|краткая=1\n|anim={{{anim|}}}\n|основа={{{основа}}}\n|srt-sg-n={{{основа}}}о<br>{{{основа1}}}о́\n|srt-sg-f={{{основа1}}}а́\n|srt-pl={{{основа}}}и<br>{{{основа1}}}и́\n|nom={{{nom|}}}|non={{{non|}}}|nof={{{nof|}}}\n|hide-text={{{hide-text|}}}\n|слоги={{{слоги|}}}\n|тип={{{тип|}}}\n|type=3a/c\"^\n|степень={{{степень|}}}\n}}<noinclude>[[Категория:Шаблоны словоизменений/Прилагательные]]</noinclude>', NULL
'5171', 'Прил_ru_3a\'~', '10', '8237', '20211009205830', '2021/10/09 20:58:30', '8224', '{{прил ru 3a\n|краткая=1\n|anim={{{anim|}}}\n|основа={{{основа}}}\n|srt-sg-f={{{основа}}}а<br>{{{основа1}}}а́\n|nom={{{nom|}}}|non={{{non|}}}|nof={{{nof|}}}\n|hide-text={{{hide-text|}}}\n|слоги={{{слоги|}}}\n|тип={{{тип|}}}\n|type=3a\'~\n|степень=\n|дореф={{{дореф|}}}\n}}<noinclude>[[Категория:Шаблоны словоизменений/Прилагательные]]</noinclude>', NULL
'5360', 'Прил_ru_1a/c\'', '10', '8427', '20220528151229', '2022/05/28 15:12:29', '8413', '{{прил ru 1a\n|краткая=1\n|anim={{{anim|}}}\n|основа={{{основа}}}\n|srt-sg-m={{{основа3|{{#if:{{{основа2|}}}|{{особ.ф.|{{{основа2|}}}}}|{{{основа}}}}}}}}\n|srt-sg-n={{#if:{{{основа2|}}}|{{особ.ф.|{{{основа2|}}}о}}|{{{основа}}}о}}\n|srt-sg-f={{{основа1}}}а́\n|srt-pl={{#if:{{{основа2|}}}|{{особ.ф.|{{{основа2|}}}ы}}|{{{основа}}}ы}}<br>{{{основа1}}}ы́\n|nom={{{nom|}}}|non={{{non|}}}|nof={{{nof|}}}\n|hide-text={{{hide-text|}}}\n|слоги={{{слоги|}}}\n|тип={{{тип|}}}\n|type=1a/c\'\n|степень={{#if:{{{степень|}}}|{{#ifeq:{{{степень}}}|-||{{{степень}}}}}|{{#if:{{{основа1|}}}|[[{{{основа1}}}ее|{{{основа1}}}е́е]], [[{{{основа1}}}ей|{{{основа1}}}е́й]], [[по{{{основа1}}}ее|по{{{основа1}}}е́е]], [[по{{{основа1}}}ей|по{{{основа1}}}е́й]]}}}}\n|дореф={{{дореф|}}}\n}}<noinclude>[[Категория:Шаблоны словоизменений/Прилагательные]]</noinclude>', NULL
'5494', 'Прил_ru_1a/c\"', '10', '8565', '20211009192930', '2021/10/09 19:29:30', '8551', '{{прил ru 1a\n|краткая=1\n|anim={{{anim|}}}\n|основа={{{основа}}}\n|srt-sg-n={{{основа}}}о<br>{{{основа1}}}о́\n|srt-sg-f={{{основа1}}}а́\n|srt-pl={{{основа}}}ы<br>{{{основа1}}}ы́\n|nom={{{nom|}}}|non={{{non|}}}|nof={{{nof|}}}\n|hide-text={{{hide-text|}}}\n|слоги={{{слоги|}}}\n|дореф={{{дореф|}}}\n|тип={{{тип|}}}\n|type=1a/c\"\n|степень={{{степень|[[{{{основа1}}}ее|{{{основа1}}}е́е]], [[{{{основа1}}}ей|{{{основа1}}}е́й]], [[по{{{основа1}}}ее|по{{{основа1}}}е́е]], [[по{{{основа1}}}ей|по{{{основа1}}}е́й]]}}}\n}}<noinclude>[[Категория:Шаблоны словоизменений/Прилагательные]]</noinclude>', NULL
'5500', 'Прил_ru_3aX~', '10', '8571', '20211009205912', '2021/10/09 20:59:12', '8557', '<noinclude>{{semiprotected|nocat=1}}</noinclude>\n{{прил ru 3a\n|краткая=\n|anim={{{anim|}}}\n|основа={{{основа}}}\n|nom={{{nom|}}}|non={{{non|}}}|nof={{{nof|}}}\n|hide-text={{{hide-text|}}}\n|слоги={{{слоги|}}}\n|тип={{{тип|}}}\n|type=3aX~\n|зализняк1=3a✕~\n|степень=\n|дореф={{{дореф|}}}\n}}<noinclude>[[Категория:Шаблоны словоизменений/Прилагательные]]</noinclude>', NULL
'5502', 'Прил_ru_3a~', '10', '8573', '20211009205945', '2021/10/09 20:59:45', '8559', '{{прил ru 3a\n|краткая=1\n|anim={{{anim|}}}\n|основа={{{основа}}}\n|nom={{{nom|}}}|non={{{non|}}}|nof={{{nof|}}}\n|hide-text={{{hide-text|}}}\n|слоги={{{слоги|}}}\n|тип={{{тип|}}}\n|type=3a~\n|степень=\n}}<noinclude>[[Категория:Шаблоны словоизменений/Прилагательные]]</noinclude>', NULL
'5835', 'Прил_ru_1a/b', '10', '8911', '20211009193034', '2021/10/09 19:30:34', '8897', '{{прил ru 1a\n|краткая=1\n|anim={{{anim|}}}\n|основа={{{основа}}}\n|srt-sg-n={{{основа1}}}о́\n|srt-sg-f={{{основа1}}}а́\n|srt-pl={{{основа1}}}ы́\n|nom={{{nom|}}}|non={{{non|}}}|nof={{{nof|}}}\n|hide-text={{{hide-text|}}}\n|слоги={{{слоги|}}}\n|тип={{{тип|}}}\n|type=1a/b\n|степень={{{степень|[[{{{основа1}}}ее|{{{основа1}}}е́е]], [[{{{основа1}}}ей|{{{основа1}}}е́й]], [[по{{{основа1}}}ее|по{{{основа1}}}е́е]], [[по{{{основа1}}}ей|по{{{основа1}}}е́й]].}}}\n}}<noinclude>[[Категория:Шаблоны словоизменений/Прилагательные]]</noinclude>', NULL
'5851', 'Прил_ru_1*a(1)', '10', '8927', '20211009193112', '2021/10/09 19:31:12', '8913', '{{прил ru 1a\n|краткая=1\n|anim={{{anim|}}}\n|основа={{{основа}}}\n|srt-sg-m={{{основа1}}}\n|nom={{{nom|}}}|non={{{non|}}}|nof={{{nof|}}}\n|hide-text={{{hide-text|}}}\n|слоги={{{слоги|}}}\n|тип={{{тип|}}}\n|type=1*a(1)\n|степень={{{степень|}}}\n|дореф={{{дореф|}}}\n}}<noinclude>[[Категория:Шаблоны словоизменений/Прилагательные]]</noinclude>', NULL
'7793', 'Прил_ru_1*a/c\'', '10', '10877', '20211009193157', '2021/10/09 19:31:57', '10863', '{{прил ru 1a\n|краткая=1\n|anim={{{anim|}}}\n|основа={{{основа}}}\n|srt-sg-m={{{основа1}}}\n|srt-sg-n={{#if:{{{основа3|}}}|{{особ.ф.|{{{основа3|}}}о}}|{{{основа}}}о}}\n|srt-sg-f={{{основа2}}}а́\n|srt-pl={{#if:{{{основа3|}}}|{{особ.ф.|{{{основа3|}}}ы}}|{{{основа}}}ы}}<br>{{{основа2}}}ы́\n|nom={{{nom|}}}|non={{{non|}}}|nof={{{nof|}}}\n|hide-text={{{hide-text|}}}\n|слоги={{{слоги|}}}\n|тип={{{тип|}}}\n|type=1*a/c\'\n|степень={{{степень|}}}\n|дореф={{{дореф|}}}\n}}<noinclude>[[Категория:Шаблоны словоизменений/Прилагательные]]</noinclude>', NULL
'7796', 'Прил_ru_1*a/c', '10', '10880', '20211121105253', '2021/11/21 10:52:53', '10866', '{{прил ru 1a\n|краткая=1\n|anim={{{anim|}}}\n|основа={{{основа}}}\n|srt-sg-m={{{основа1}}}\n|srt-sg-f={{{основа2}}}а́\n|nom={{{nom|}}}|non={{{non|}}}|nof={{{nof|}}}\n|hide-text={{{hide-text|}}}\n|слоги={{{слоги|}}}\n|тип={{{тип|}}}\n|type=1*a/c\n|коммент={{{коммент|}}}\n|степень={{{степень|{{{основа2}}}е́е, {{{основа2}}}е́й}}}\n}}<noinclude>[[Категория:Шаблоны словоизменений/Прилагательные]]</noinclude>', NULL
'7877', 'Прил_ru_1b/c\'', '10', '10962', '20211009221537', '2021/10/09 22:15:37', '10948', '{{прил ru 1b\n|краткая=1\n|anim={{{anim|}}}\n|основа={{{основа}}}\n|srt-sg-m={{{основа2|{{{основа1}}}}}}\n|srt-sg-n={{{основа1}}}о\n|srt-sg-f={{{основа}}}а́\n|srt-pl={{{основа1}}}ы, {{{основа}}}ы́\n|nom={{{nom|}}}|non={{{non|}}}|nof={{{nof|}}}\n|hide-text={{{hide-text|}}}\n|слоги={{{слоги|}}}\n|тип={{{тип|}}}\n|type=1b/c\'\n|степень={{{степень|[[{{{основа}}}ее|{{{основа}}}е́е]], [[{{{основа}}}ей|{{{основа}}}е́й]], [[по{{{основа}}}ее|по{{{основа}}}е́е]], [[по{{{основа}}}ей|по{{{основа}}}е́й]]}}}\n}}<noinclude>[[Категория:Шаблоны словоизменений/Прилагательные]]</noinclude>', NULL
'7918', 'Прил_ru_2*a-', '10', '11003', '20211009222319', '2021/10/09 22:23:19', '10989', '{{прил ru 2a\n|краткая=?\n|anim={{{anim|}}}\n|основа={{{основа}}}\n|srt-sg-m={{{основа1}}}\n|nom={{{nom|}}}|non={{{non|}}}|nof={{{nof|}}}\n|hide-text={{{hide-text|}}}\n|слоги={{{слоги|}}}\n|тип={{{тип|}}}\n|type=2*a-\n|{{#if:{{{степень|}}}|степень={{{основа}}}ее, {{{основа}}}ей, по{{{основа}}}ее, по{{{основа}}}ей}}\n|коммент=Краткая форма муж. р. предположительна.\n}}<noinclude>[[Категория:Шаблоны словоизменений/Прилагательные]]</noinclude>', NULL
'8239', 'Прил_ru_1a\'', '10', '11328', '20211009185446', '2021/10/09 18:54:46', '11314', '{{прил ru 1a\n|краткая=1\n|anim={{{anim|}}}\n|основа={{{основа}}}\n|srt-sg-f={{{основа}}}а<br>{{{основа1}}}а́\n|nom={{{nom|}}}|non={{{non|}}}|nof={{{nof|}}}\n|hide-text={{{hide-text|}}}\n|слоги={{{слоги|}}}\n|тип={{{тип|}}}\n|type=1a\'\n|степень={{{степень|[[{{{основа1}}}ее|{{{основа1}}}е́е]], [[{{{основа1}}}ей|{{{основа1}}}е́й]], [[по{{{основа1}}}ее|по{{{основа1}}}е́е]], [[по{{{основа1}}}ей|по{{{основа1}}}е́й]]}}}\n}}<noinclude>[[Категория:Шаблоны словоизменений/Прилагательные]]</noinclude>', NULL
'8240', 'Прил_ru_1a/c', '10', '11329', '20211228104306', '2021/12/28 10:43:06', '11315', '{{прил ru 1a\n|краткая=1\n|anim={{{anim|}}}\n|основа={{{основа}}}\n|srt-sg-f={{{основа1}}}а́\n|nom={{{nom|}}}|non={{{non|}}}|nof={{{nof|}}}\n|hide-text={{{hide-text|}}}\n|слоги={{{слоги|}}}\n|тип={{{тип|}}}\n|type=1a/c\n|степень={{{степень|[[{{{основа1}}}ее|{{{основа1}}}е́е]], [[{{{основа1}}}ей|{{{основа1}}}е́й]], [[по{{{основа1}}}ее|по{{{основа1}}}е́е]], [[по{{{основа1}}}ей|по{{{основа1}}}е́й]]}}}\n|дореф={{{дореф|}}}\n}}<noinclude>[[Категория:Шаблоны словоизменений/Прилагательные]]</noinclude>', NULL
'8750', 'Прил_ru_1bX', '10', '11845', '20211009221812', '2021/10/09 22:18:12', '11831', '{{прил ru 1b\n|краткая=1\n|anim={{{anim|}}}\n|основа={{{основа}}}\n|srt-sg-m={{-}}\n|srt-sg-n={{incorrect|{{{основа}}}о́}}\n|srt-sg-f={{incorrect|{{{основа}}}а́}}\n|srt-pl={{incorrect|{{{основа}}}ы́}}\n|nom={{{nom|}}}|non={{{non|}}}|nof={{{nof|}}}\n|hide-text={{{hide-text|}}}\n|слоги={{{слоги|}}}\n|часть речи={{{часть речи|Прилагательное}}}\n|тип={{{тип|}}}\n|type=1bX\n|зализняк1=1b&#8864;\n|степень={{#if:{{{степень|}}}|{{{основа}}}е́е, {{{основа}}}е́й, по{{{основа}}}е́е, по{{{основа}}}е́й}}\n|коммент=Краткая форма муж. р. не используется, образование остальных кратких форм затруднено.\n}}<noinclude>[[Категория:Шаблоны словоизменений/Прилагательные]]</noinclude>', NULL
'11135', 'Прил_ru_1b/c', '10', '14316', '20211009221515', '2021/10/09 22:15:15', '14300', '{{прил ru 1b\n|краткая=1\n|anim={{{anim|}}}\n|основа={{{основа}}}\n|srt-sg-m={{{основа1}}}\n|srt-sg-n={{{основа1}}}о\n|srt-sg-f={{{основа}}}а́\n|srt-pl={{{основа1}}}ы\n|nom={{{nom|}}}|non={{{non|}}}|nof={{{nof|}}}\n|hide-text={{{hide-text|}}}\n|слоги={{{слоги|}}}\n|дореф={{{дореф|}}}\n|тип={{{тип|}}}\n|type=1b/c\n|степень={{{степень|{{{основа}}}е́е, {{{основа}}}е́й, по{{{основа}}}е́е, по{{{основа}}}е́й}}}\n}}<noinclude>[[Категория:Шаблоны словоизменений/Прилагательные]]</noinclude>', NULL
'12853', 'Прил_ru_3b/c\'', '10', '16081', '20211009222743', '2021/10/09 22:27:43', '16065', '{{прил ru 3b\n|краткая=1\n|anim={{{anim|}}}\n|основа={{{основа}}}\n|srt-sg-m={{{основа1}}}\n|srt-sg-n={{{основа1}}}о\n|srt-sg-f={{{основа}}}а́\n|srt-pl={{{основа1}}}и, {{{основа}}}и́\n|nom={{{nom|}}}|non={{{non|}}}|nof={{{nof|}}}\n|hide-text={{{hide-text|}}}\n|слоги={{{слоги|}}}\n|тип={{{тип|}}}\n|type=3b/c\'\n|степень={{{степень|}}}\n}}<noinclude>[[Категория:Шаблоны словоизменений/Прилагательные]]</noinclude>', NULL
'14433', 'Прил_ru_(мс_6*a)', '10', '17698', '20211009225819', '2021/10/09 22:58:19', '17679', '{{прил\n|nom-sg-m={{{основа}}}ий\n|nom-sg-n={{{основа}}}ье\n|nom-sg-f={{{основа}}}ья\n|nom-pl={{{основа}}}ьи\n|gen-sg-m={{{основа}}}ьего\n|gen-sg-n={{{основа}}}ьего\n|gen-sg-f={{{основа}}}ьей\n|gen-pl={{{основа}}}ьих\n|dat-sg-m={{{основа}}}ьему\n|dat-sg-n={{{основа}}}ьему\n|dat-sg-f={{{основа}}}ьей\n|dat-pl={{{основа}}}ьим\n|acc-sg-m-a={{{основа}}}ьего\n|acc-sg-m-n={{{основа}}}ий\n|acc-sg-n={{{основа}}}ье\n|acc-sg-f={{{основа}}}ью\n|acc-pl-a={{{основа}}}ьих\n|acc-pl-n={{{основа}}}ьи\n|ins-sg-m={{{основа}}}ьим\n|ins-sg-n={{{основа}}}ьим\n|ins-sg-f={{{основа}}}ьей {{{основа}}}ьею\n|ins-pl={{{основа}}}ьими\n|prp-sg-m={{{основа}}}ьем\n|prp-sg-n={{{основа}}}ьем\n|prp-sg-f={{{основа}}}ьей\n|prp-pl={{{основа}}}ьих\n}}\n{{прил ru\n|скл=мс\n|слоги={{{слоги|}}}\n|основа={{{основа|}}}\n|тип={{#if:{{{тип|}}}|{{{тип|}}}|притяжательное}}\n|дореф={{{дореф|}}}\n|зализняк=6*a\n|зализняк1=<мс 6*a>\n|anim={{{anim|}}}\n|род={{{род|}}}\n|степень={{{степень|}}}\n|hide-text={{{hide-text|}}}\n|коммент={{{коммент|}}}\n}}<noinclude>[[Категория:Шаблоны словоизменений/Прилагательные]]</noinclude>', NULL
'15483', 'Прил_ru_1*a/b(2)', '10', '18757', '20211009191000', '2021/10/09 19:10:00', '18738', '{{прил ru 1a\n|краткая=1\n|anim={{{anim|}}}\n|основа={{{основа}}}\n|srt-sg-m={{{основа2}}}\n|srt-sg-n={{{основа1}}}о́\n|srt-sg-f={{{основа1}}}а́\n|srt-pl={{{основа1}}}ы́\n|nom={{{nom|}}}|non={{{non|}}}|nof={{{nof|}}}\n|hide-text={{{hide-text|}}}\n|слоги={{{слоги|}}}\n|тип={{{тип|}}}\n|type=1*a/b(2)\n|степень={{{степень|}}}\n}}<noinclude>[[Категория:Шаблоны словоизменений/Прилагательные]]</noinclude>', NULL
'15753', 'Прил_ru', '10', '19051', '20211019221012', '2021/10/19 22:10:12', '19031', '<noinclude>{{semiprotected|nocat=1}}</noinclude>{{#if:{{{hide-text|}}}||<b>{{{слоги|}}}</b> <!--\n-->{{#if:{{{дореф|}}}|({{comment|дореформ.|написание в дореформенной орфографии}} {{Old-ru|{{aslinks|{{{дореф}}}}}}})}}\n\n{{{часть речи|[[прилагательное|Прилагательное]]}}}<!--\n  -->{{#switch:{{{anim}}}<!--\n    -->|yes=, одушевлённое<!--\n    -->|no=, неодушевлённое<!--\n  -->}}<!-- \n\n  -->{{#switch:{{{род}}}<!--\n    -->|м|муж|m =, мужской род<!--\n    -->|ж|жен|f=, женский род<!--\n    -->|с|ср|n=, средний род<!--\n  -->}}<!-- \n\n  -->{{#switch:{{{тип|}}}<!--\n    -->|к|кач|качественное=, [[качественное прилагательное|качественное]] <!--\n    -->|о|отн|относительное=, [[относительное прилагательное|относительное]] <!--\n    -->|п|пр|притяжательное=, [[притяжательное прилагательное|притяжательное]] <!--\n    -->|ко|качественное и относительное=, [[качественное прилагательное|качественное]] и [[относительное прилагательное|относительное]] <!--\n    -->|#default=, {{{тип}}}<!--\n    -->|=<!--\n  -->}}<!--\n\n  -->{{#ifeq:{{{зализняк|}}}|0|, неизменяемое}}, тип склонения по <!--\n  -->[[Викисловарь:Использование словаря Зализняка|классификации А.&#160;Зализняка]]&#160;— {{#if:{{{зализняк1|}}}|<!--\n    -->{{{зализняк1}}}|{{{зализняк|??}}}}}. <!--\n\n  -->{{#if:{{{степень|}}}<!--\n    -->|Сравнительная степень&nbsp;— \'\'<!--\n      -->{{#switch:{{{степень}}}<!--\n        -->|=<!--\n        -->|1={{aslinks|{{{основа}}}ее, {{{основа}}}ей}}<!--\n        -->|{{aslinks|{{{степень}}}}}<!--\n      -->}}.\'\'<!--\n  -->}}<!--\n\n  -->{{#if:{{{коммент|}}}|&nbsp;{{{коммент}}}}}<!--\n-->}}<includeonly>{{#if:{{NAMESPACE}}||<!-- \n-->[[Категория:Русские лексемы]][[Категория:Русские прилагательные]]<!--\n-->{{#switch:{{{anim}}}<!--\n  -->|yes=[[Категория:Одушевлённые]]<!--\n  -->|no=[[Категория:Неодушевлённые]]<!--\n-->}}<!--\n-->{{#switch:{{{род}}}<!--\n  -->|м|муж|m=[[Категория:Мужской род]]<!--\n  -->|ж|жен|f=[[Категория:Женский род]]<!--\n  -->|с|ср|n=[[Категория:Средний род]]<!--\n-->}}<!-- \n-->{{#switch:{{{тип|}}}<!--\n  -->|к|кач|качественное=[[Категория:Русские качественные прилагательные]]<!--\n  -->|о|отн|относительное=[[Категория:Русские относительные прилагательные]]<!--\n  -->|п|пр|притяжательное=[[Категория:Русские притяжательные прилагательные]]<!--\n  -->|ко|качественное и относительное=[[Категория:Русские качественные прилагательные]]<!--\n     -->[[Категория:Русские относительные прилагательные]]<!--\n-->}}<!--\n-->{{#switch:{{{зализняк|??}}}<!--\n  -->|??|=[[Категория:Нужна классификация по Зализняку/ru|{{lc:{{PAGENAME}}}}]]<!--\n  -->|0=[[Категория:Несклоняемые прилагательные/ru|{{lc:{{PAGENAME}}}}]]<!--\n  -->|#default=[[Категория:Прилагательные, {{#ifeq:{{{скл|}}}|мс|местоименное склонение|склонение}} {{{зализняк}}}]]<!--\n-->}}}}</includeonly><noinclude>\n{{doc}}\n[[Категория:Шаблоны словоизменений/Прилагательные]]</noinclude>', NULL
'55958', 'Прил_ru_3a/c\'', '10', '60354', '20211009210009', '2021/10/09 21:00:09', '60334', '{{прил ru 3a\n|краткая=1\n|anim={{{anim|}}}\n|основа={{{основа}}}\n|srt-sg-f={{{основа1}}}а́\n|srt-pl={{{основа}}}и<br>{{{основа1}}}и́\n|nom={{{nom|}}}|non={{{non|}}}|nof={{{nof|}}}\n|hide-text={{{hide-text|}}}\n|слоги={{{слоги|}}}\n|тип={{{тип|}}}\n|type=3a/c\'\n|степень={{{степень|}}}\n}}<noinclude>[[Категория:Шаблоны словоизменений/Прилагательные]]</noinclude>', NULL
'67303', 'Прил_ru_3*a/b', '10', '71855', '20211009210026', '2021/10/09 21:00:26', '71834', '{{прил ru 3a\n|краткая=1\n|anim={{{anim|}}}\n|основа={{{основа}}}\n|srt-sg-m={{{основа1}}}\n|srt-sg-n={{{основа2}}}о́\n|srt-sg-f={{{основа2}}}а́\n|srt-pl={{{основа2}}}и́\n|nom={{{nom|}}}|non={{{non|}}}|nof={{{nof|}}}\n|hide-text={{{hide-text|}}}\n|слоги={{{слоги|}}}\n|тип={{{тип|}}}\n|type=3*a/b\n|степень={{{степень|}}}\n}}<noinclude>[[Категория:Шаблоны словоизменений/Прилагательные]]</noinclude>', NULL
'99769', 'Прил_ru_2*a^', '10', '104867', '20211009222336', '2021/10/09 22:23:36', '104846', '{{прил ru 2a\n|anim={{{anim|}}}\n|основа={{{основа}}}\n|srt-sg-m={{{основа1}}}\n|srt-sg-f={{особ.ф.|{{{основа}}}а}}\n|srt-sg-n={{{основа}}}е\n|srt-pl={{{основа}}}и\n|hide-text={{{hide-text|}}}\n|слоги={{{слоги|}}}\n|тип={{{тип|}}}\n|type=2*a\n|степень={{#if:{{{степень|}}}|{{{основа}}}ее, {{{основа}}}ей, по{{{основа}}}ее, по{{{основа}}}ей}}\n}}<noinclude>[[Категория:Шаблоны словоизменений/Прилагательные]]</noinclude>', NULL
'101336', 'Прил_ru_4a/c', '10', '106452', '20211009223235', '2021/10/09 22:32:35', '106431', '{{прил ru 4a\n|краткая=1\n|anim={{{anim|}}}\n|основа={{{основа}}}\n|srt-sg-f={{{основа1}}}а́\n|nom={{{nom|}}}|non={{{non|}}}|nof={{{nof|}}}\n|hide-text={{{hide-text|}}}\n|слоги={{{слоги|}}}\n|тип={{{тип|}}}\n|type=4a/c\n|степень={{{степень|{{{основа1}}}е́е, {{{основа1}}}е́й, по{{{основа1}}}е́е, по{{{основа1}}}е́й}}}\n}}<noinclude>[[Категория:Шаблоны словоизменений/Прилагательные]]</noinclude>', NULL
'102169', 'Прил_ru_4bX', '10', '107289', '20211009223513', '2021/10/09 22:35:13', '107268', '{{прил ru 4b\n|краткая=1\n|anim={{{anim|}}}\n|основа={{{основа}}}\n|srt-sg-m={{{srt-sg-m|-}}}\n|srt-sg-n={{incorrect|{{{основа}}}о́}}\n|srt-sg-f={{incorrect|{{{основа}}}а́}}\n|srt-pl={{{основа}}}и́\n|nom={{{nom|}}}|non={{{non|}}}|nof={{{nof|}}}\n|hide-text={{{hide-text|}}}\n|слоги={{{слоги|}}}\n|тип={{{тип|}}}\n|type=4bX\n|степень={{{степень|{{{основа}}}е́е, {{{степень|{{{основа}}}е́й, по{{{основа}}}е́е}}}, по{{{основа}}}е́й}}}\n}}<noinclude>[[Категория:Шаблоны словоизменений/Прилагательные]]</noinclude>', NULL
'104820', 'Прил_ru_3bX~', '10', '109954', '20211009222929', '2021/10/09 22:29:29', '109933', '{{прил ru 3b\n|краткая=\n|anim={{{anim|}}}\n|основа={{{основа}}}\n|nom={{{nom|}}}|non={{{non|}}}|nof={{{nof|}}}\n|hide-text={{{hide-text|}}}\n|слоги={{{слоги|}}}\n|тип={{{тип|}}}\n|type=3bX~\n|степень=\n}}<noinclude>[[Категория:Шаблоны словоизменений/Прилагательные]]</noinclude>', NULL
'105192', 'Прил_ru_3a\'', '10', '110327', '20211009210104', '2021/10/09 21:01:04', '110306', '{{прил ru 3a\n|краткая=1\n|anim={{{anim|}}}\n|основа={{{основа}}}\n|srt-sg-f={{{основа}}}а<br>{{{основа1}}}а́\n|nom={{{nom|}}}|non={{{non|}}}|nof={{{nof|}}}\n|hide-text={{{hide-text|}}}\n|слоги={{{слоги|}}}\n|тип={{{тип|}}}\n|type=3a\'\n|степень={{{степень|}}}\n}}<noinclude>[[Категория:Шаблоны словоизменений/Прилагательные]]</noinclude>', NULL
'106789', 'Прил_ru_3*aX~', '10', '111937', '20211009210155', '2021/10/09 21:01:55', '111916', '{{прил ru 3a\n|краткая=1\n|anim={{{anim|}}}\n|основа={{{основа}}}\n|srt-sg-m={{incorrect|{{{основа1}}}}}\n|srt-sg-n={{incorrect|{{{основа}}}о}}\n|srt-sg-f={{incorrect|{{{основа}}}а}}\n|nom={{{nom|}}}|non={{{non|}}}|nof={{{nof|}}}\n|hide-text={{{hide-text|}}}\n|слоги={{{слоги|}}}\n|тип={{{тип|}}}\n|type=3*aX~\n|зализняк1=3*a✕~\n|степень=\n}}<noinclude>[[Категория:Шаблоны словоизменений/Прилагательные]]</noinclude>', NULL
'106797', 'Прил_ru_3a/c', '10', '111945', '20211009210210', '2021/10/09 21:02:10', '111924', '{{прил ru 3a\n|краткая=1\n|anim={{{anim|}}}\n|основа={{{основа}}}\n|srt-sg-f={{{основа1}}}а́\n|nom={{{nom|}}}|non={{{non|}}}|nof={{{nof|}}}\n|hide-text={{{hide-text|}}}\n|слоги={{{слоги|}}}\n|тип={{{тип|}}}\n|type=3a/c\n|степень={{{степень|}}}\n}}<noinclude>[[Категория:Шаблоны словоизменений/Прилагательные]]</noinclude>', NULL
'108985', 'Прил_ru_1*a((1))', '10', '114168', '20211009185028', '2021/10/09 18:50:28', '114147', '{{прил ru 1a\n|краткая=1\n|anim={{{anim|}}}\n|основа={{{основа}}}\n|srt-sg-m={{{основа1}}}ен<br>{{{основа1}}}\n|nom={{{nom|}}}|non={{{non|}}}|nof={{{nof|}}}\n|hide-text={{{hide-text|}}}\n|слоги={{{слоги|}}}\n|тип={{{тип|}}}\n|type=1*a((1))\n|степень={{{степень|}}}\n|дореф={{{дореф|}}}\n|коммент={{{коммент|}}}\n}}<noinclude>[[Категория:Шаблоны словоизменений/Прилагательные]]</noinclude>', NULL
'109279', 'Прил_ru_1*b/c\"', '10', '114475', '20211009221416', '2021/10/09 22:14:16', '114454', '{{прил ru 1b\n|краткая=1\n|anim={{{anim|}}}\n|основа={{{основа}}}\n|srt-sg-m={{{основа1}}}\n|srt-sg-n={{{основа2}}}о<br>{{{основа}}}о́\n|srt-pl={{{основа2}}}ы<br>{{{основа}}}ы́\n|nom={{{nom|}}}|non={{{non|}}}|nof={{{nof|}}}\n|hide-text={{{hide-text|}}}\n|слоги={{{слоги|}}}\n|тип={{{тип|}}}\n|type=1*b/c\"\n|степень={{{степень|{{{основа}}}е́е, {{{основа}}}е́й, по{{{основа}}}е́е, по{{{основа}}}е́й}}}\n}}<noinclude>[[Категория:Шаблоны словоизменений/Прилагательные]]</noinclude>', NULL
'109713', 'Прил_ru_4a/b', '10', '114910', '20211009223140', '2021/10/09 22:31:40', '114889', '{{прил ru 4a\n|краткая=1\n|anim={{{anim|}}}\n|основа={{{основа}}}\n|srt-sg-n={{{основа1}}}о́\n|srt-sg-f={{{основа1}}}а́\n|srt-pl={{{основа1}}}и́\n|nom={{{nom|}}}|non={{{non|}}}|nof={{{nof|}}}\n|hide-text={{{hide-text|}}}\n|слоги={{{слоги|}}}\n|тип={{{тип|}}}\n|type=4a/b\n|степень={{{степень|{{{основа1}}}е́е, {{{основа1}}}е́й, по{{{основа1}}}е́е, по{{{основа1}}}е́й}}}\n}}<noinclude>[[Категория:Шаблоны словоизменений/Прилагательные]]</noinclude>', NULL
'111348', 'Прил_ru_4a/b\'', '10', '116555', '20211009223203', '2021/10/09 22:32:03', '116534', '{{прил ru 4a\n|краткая=1\n|anim={{{anim|}}}\n|основа={{{основа}}}\n|srt-sg-n={{{основа1}}}о́\n|srt-sg-f={{{основа1}}}а́\n|srt-pl={{{основа1}}}и́<br>{{{основа}}}и\n|nom={{{nom|}}}|non={{{non|}}}|nof={{{nof|}}}\n|hide-text={{{hide-text|}}}\n|слоги={{{слоги|}}}\n|тип={{{тип|}}}\n|дореф={{{дореф|}}}\n|type=4a/b\'\n|степень={{aslinks|{{{степень|{{{основа1}}}е́е, {{{основа1}}}е́й, по{{{основа1}}}е́е, по{{{основа1}}}е́й}}}}}\n}}<noinclude>[[Категория:Шаблоны словоизменений/Прилагательные]]</noinclude>', NULL
'113470', 'Прил_ru_1*b/c\'', '10', '118690', '20211009221347', '2021/10/09 22:13:47', '118669', '{{прил ru 1b\n|краткая=1\n|anim={{{anim|}}}\n|основа={{{основа}}}\n|srt-sg-m={{{основа2}}}\n|srt-sg-n={{{основа1}}}о\n|srt-pl={{{основа1}}}ы<br>{{{основа}}}ы́\n|nom={{{nom|}}}|non={{{non|}}}|nof={{{nof|}}}\n|hide-text={{{hide-text|}}}\n|слоги={{{слоги|}}}\n|тип={{{тип|}}}\n|type=1*b/c\'\n|степень={{{степень|{{{основа}}}е́е, {{{основа}}}е́й, по{{{основа}}}е́е, по{{{основа}}}е́й}}}\n}}<noinclude>[[Категория:Шаблоны словоизменений/Прилагательные]]</noinclude>', NULL
'113802', 'Прил_ru_1*a(2)', '10', '119023', '20211009193431', '2021/10/09 19:34:31', '119002', '{{прил ru 1a\n|краткая=1\n|anim={{{anim|}}}\n|основа={{{основа}}}\n|srt-sg-m={{{основа1}}}\n|srt-sg-n={{{основа1}}}о\n|srt-sg-f={{{основа1}}}а\n|srt-pl={{{основа1}}}ы\n|nom={{{nom|}}}|non={{{non|}}}|nof={{{nof|}}}\n|hide-text={{{hide-text|}}}\n|слоги={{{слоги|}}}\n|тип={{{тип|}}}\n|type=1*a(2)\n|степень={{{степень|}}}\n}}<noinclude>[[Категория:Шаблоны словоизменений/Прилагательные]]</noinclude>', NULL
'116269', 'Прил_ru_3b/c~', '10', '121507', '20211009222914', '2021/10/09 22:29:14', '121486', '{{прил ru 3b\n|краткая=1\n|anim={{{anim|}}}\n|основа={{{основа}}}\n|srt-sg-m={{{основа1}}}\n|srt-sg-n={{{основа1}}}о\n|srt-sg-f={{{основа}}}а́\n|srt-pl={{{основа1}}}и\n|nom={{{nom|}}}|non={{{non|}}}|nof={{{nof|}}}\n|hide-text={{{hide-text|}}}\n|слоги={{{слоги|}}}\n|тип={{{тип|}}}\n|type=3b/c~\n|степень=\n}}<noinclude>[[Категория:Шаблоны словоизменений/Прилагательные]]</noinclude>', NULL
'121218', 'Прил_ru_4b~^', '10', '126486', '20211009223456', '2021/10/09 22:34:56', '126465', '{{прил ru 4b\n|краткая=1\n|anim={{{anim|}}}\n|основа={{{основа}}}\n|srt-sg-m={{{srt-sg-m|{{{основа1}}}}}}\n|srt-sg-n={{{srt-sg-n|{{{основа2}}}о́}}}\n|srt-sg-f={{{srt-sg-f|{{{основа2}}}а́}}}\n|srt-pl={{{srt-pl|{{{основа2}}}и́}}}\n|nom={{{nom|}}}|non={{{non|}}}|nof={{{nof|}}}\n|hide-text={{{hide-text|}}}\n|слоги={{{слоги|}}}\n|тип={{{тип|}}}\n|type=4b~^\n|степень=\n}}<noinclude>[[Категория:Шаблоны словоизменений/Прилагательные]]</noinclude>', NULL
'121385', 'Прил_ru_4aX', '10', '126653', '20211009223256', '2021/10/09 22:32:56', '126632', '{{прил ru 4a\n|краткая={{{краткая|}}}\n|anim={{{anim|}}}\n|основа={{{основа}}}\n|srt-sg-m={{incorrect|{{{основа}}}}}\n|srt-sg-n={{incorrect|{{{основа}}}е}}\n|srt-sg-f={{incorrect|{{{основа}}}а}}\n|srt-pl={{{основа}}}и\n|nom={{{nom|}}}|non={{{non|}}}|nof={{{nof|}}}\n|hide-text={{{hide-text|}}}\n|слоги={{{слоги|}}}\n|тип={{{тип|}}}\n|type=4aX\n|степень={{{степень|}}}\n|дореф={{{дореф|}}}\n}}<noinclude>[[Категория:Шаблоны словоизменений/Прилагательные]]</noinclude>', NULL
'129940', 'Прил_ru_0', '10', '135238', '20211009174854', '2021/10/09 17:48:54', '135217', '{{прил ru\n|слоги={{{слоги|}}}\n|тип={{{тип|}}}\n|зализняк=0\n|hide-text={{{hide-text|}}}\n}}<noinclude>\n==См. также==\n*{{шаблон|прил0}}\n*{{шаблон|прил ru}}\n[[Категория:Шаблоны словоизменений/Прилагательные]]</noinclude>', NULL
'134115', 'Прил_ru_1a\'~', '10', '139428', '20211009193631', '2021/10/09 19:36:31', '139406', '{{прил ru 1a\n|краткая=1\n|anim={{{anim|}}}\n|основа={{{основа}}}\n|srt-sg-f={{{основа}}}а<br>{{{основа1}}}а́\n|nom={{{nom|}}}|non={{{non|}}}|nof={{{nof|}}}\n|hide-text={{{hide-text|}}}\n|слоги={{{слоги|}}}\n|тип={{{тип|}}}\n|type=1a\'~\n|степень=\n}}<noinclude>[[Категория:Шаблоны словоизменений/Прилагательные]]</noinclude>', NULL
'136395', 'Прил_ru_1a/c~', '10', '141737', '20211009195340', '2021/10/09 19:53:40', '141713', '{{прил ru 1a\n|краткая=1\n|anim={{{anim|}}}\n|основа={{{основа}}}\n|srt-sg-f={{{основа1}}}а́\n|nom={{{nom|}}}|non={{{non|}}}|nof={{{nof|}}}|nol={{{nol|}}}\n|hide-text={{{hide-text|}}}\n|слоги={{{слоги|}}}\n|тип={{{тип|}}}\n|type=1a/c~\n|степень=\n}}<noinclude>[[Категория:Шаблоны словоизменений/Прилагательные]]</noinclude>', NULL
'138403', 'Прил_ru_3a^', '10', '143759', '20211009210318', '2021/10/09 21:03:18', '143733', '{{прил ru 3a\n|краткая=1\n|anim={{{anim|}}}\n|основа={{{основа}}}\n|srt-sg-m={{{основа1}}}|srt-sg-n={{{основа2}}}о́|srt-sg-f={{{основа2}}}а́|srt-pl={{{основа3}}}\n|nom={{{nom|}}}|non={{{non|}}}|nof={{{nof|}}}\n|hide-text={{{hide-text|}}}\n|слоги={{{слоги|}}}\n|тип={{{тип|}}}\n|type=3a^\n|степень={{{степень|}}}\n|дореф={{{дореф|}}}\n}}<noinclude>[[Категория:Шаблоны словоизменений/Прилагательные]]</noinclude>', NULL
'138532', 'Прил_ru_1*a(1)-', '10', '143888', '20211009203422', '2021/10/09 20:34:22', '143862', '{{прил ru 1a\n|краткая=1\n|anim={{{anim|}}}\n|основа={{{основа}}}\n|srt-sg-m={{incorrect|{{{основа1}}}}}\n|nom={{{nom|}}}|non={{{non|}}}|nof={{{nof|}}}\n|hide-text={{{hide-text|}}}\n|слоги={{{слоги|}}}\n|тип={{{тип|}}}\n|type=1*a(1)-\n|зализняк1=1*a①—\n|коммент={{{коммент|}}}\n|степень={{{степень|}}}\n}}<noinclude>[[Категория:Шаблоны словоизменений/Прилагательные]]</noinclude>', NULL
'144511', 'Прил_ru_3a^+', '10', '149907', '20200315224647', '2020/03/15 22:46:47', '149875', '{{прил\n|nom-sg-m={{{основа}}}ий\n|nom-sg-n={{{основа}}}ое\n|nom-sg-f={{{основа}}}ая\n|nom-pl={{{основа}}}ие\n|gen-sg-m={{{основа}}}оего\n|gen-sg-n={{{основа}}}оего\n|gen-sg-f={{{основа}}}ой<br />{{устар.|-}}&nbsp;{{{основа}}}оей\n|gen-pl={{{основа}}}их<br />{{устар.|-}}&nbsp;{{{основа}}}оих \n|dat-sg-m={{{основа}}}оему \n|dat-sg-n={{{основа}}}оему\n|dat-sg-f={{{основа}}}ой<br />{{устар.|-}}&nbsp;{{{основа}}}оей\n|dat-pl={{{основа}}}им<br />{{устар.|-}}&nbsp;{{{основа}}}оим\n|acc-sg-m-a={{{основа}}}оего\n|acc-sg-m-n={{{основа}}}ий\n|acc-sg-n={{{основа}}}ое\n|acc-sg-f={{{основа}}}ую\n|acc-pl-a={{{основа}}}их\n|acc-pl-n={{{основа}}}ие \n|ins-sg-m={{{основа}}}им<br />{{устар.|-}}&nbsp;{{{основа}}}оим \n|ins-sg-n={{{основа}}}им<br />{{устар.|-}}&nbsp;{{{основа}}}оим \n|ins-sg-f={{{основа}}}ой<br />{{{основа}}}ою<br />{{устар.|-}}&nbsp;{{{основа}}}оей<br />{{устар.|-}}&nbsp;{{{основа}}}оею\n|ins-pl={{{основа}}}ими<br />{{устар.|-}}&nbsp;{{{основа}}}оими\n|prp-sg-m={{{основа}}}оем\n|prp-sg-n={{{основа}}}оем\n|prp-sg-f={{{основа}}}ой<br />{{устар.|-}}&nbsp;{{{основа}}}оей\n|prp-pl={{{основа}}}их<br />{{устар.|-}}&nbsp;{{{основа}}}оих\n|краткая=\n|anim=\n|srt-sg-m=\n|srt-sg-n=\n|srt-sg-f=\n|srt-pl=\n|nom={{{nom|}}}|non={{{non|}}}|nof={{{nof|}}}\n|суфф={{{суфф|}}}\n}}\n{{#if:{{{hide-text|}}}\n||<b>{{{слоги| }}}</b>{{#if:{{{дореф|}}}|&nbsp;({{comment|дореформ.|написание в дореформенной орфографии}} {{Old-ru|{{aslinks|{{{дореф}}}}}}})}}\n\n{{{часть речи|Прилагательное}}}, {{#if:{{{тип|}}}|{{{тип}}}, }}тип склонения по классификации А.&#160;Зализняка&#160;&#8212; 3a^. В склонении есть формы с основой на \'\'нек-\'\' и на \'\'неко-\'\'. Встречающиеся в речи формы \'\'не́кого\'\', \'\'не́кому\'\', \'\'не́ком\'\' в настоящее время в литературную норму ещё не входят.{{#ifeq:{{NAMESPACE}}|{{ns:0}}|[[Категория:Русские лексемы]][[Категория:Русские прилагательные]][[Категория:{{{Категория}}}]]}}}}<noinclude>[[Категория:Шаблоны словоизменений/Прилагательные]]</noinclude>', NULL
'145796', 'Прил_ru_3b-нибудь', '10', '151203', '20211009222622', '2021/10/09 22:26:22', '151170', '{{прил ru 3b\n|краткая=\n|anim={{{anim|}}}\n|основа={{{основа}}}\n|nom={{{nom|}}}|non={{{non|}}}|nof={{{nof|}}}\n|hide-text={{{hide-text|}}}\n|слоги={{{слоги|}}}\n|тип={{{тип|}}}\n|type=3b\n|суфф=-нибудь\n|степень={{{степень|}}}\n}}<noinclude>[[Категория:Шаблоны словоизменений/Прилагательные]]</noinclude>', NULL
'147610', 'Прил_ru_1a?10', '10', '153031', '20221023182554', '2022/10/23 18:25:54', '152998', '{{прил\n|nom-sg-m={{{основа}}}лый\n|nom-sg-n={{{основа}}}лое\n|nom-sg-f={{{основа}}}лая\n|nom-pl={{{основа}}}лые\n|gen-sg-m={{{основа}}}лого\n|gen-sg-n={{{основа}}}лого\n|gen-sg-f={{{основа}}}лой\n|gen-pl={{{основа}}}лых\n|dat-sg-m={{{основа}}}лому\n|dat-sg-n={{{основа}}}лому\n|dat-sg-f={{{основа}}}лой\n|dat-pl={{{основа}}}лым\n|acc-sg-m-a={{{основа}}}лого\n|acc-sg-m-n={{{основа}}}лый\n|acc-sg-n={{{основа}}}лое\n|acc-sg-f={{{основа}}}лую\n|acc-pl-a={{{основа}}}лых\n|acc-pl-n={{{основа}}}лые\n|ins-sg-m={{{основа}}}лым\n|ins-sg-n={{{основа}}}лым\n|ins-sg-f={{{основа}}}лой {{{основа}}}лою\n|ins-pl={{{основа}}}лыми\n|prp-sg-m={{{основа}}}лом\n|prp-sg-n={{{основа}}}лом\n|prp-sg-f={{{основа}}}лой\n|prp-pl={{{основа}}}лых\n|краткая=1\n|anim={{{anim|}}}\n|srt-sg-m={{#switch:{{#switch:{{Str rightc|{{{основа}}}|1}}|б=с|в=с|г=с|д=с|ж=с|з=с|й=с|к=с|л=с|м=с|н=с|п=с|р=с|с=с|т=с|ф=с|х=с|ц=с|ч=с|ш=с|щ=с|н}}|с={{{srt-sg-m|{{{основа}}}л}}}|{{incorrect|{{{srt-sg-m|{{{основа}}}л}}}}}}}\n|srt-sg-n={{incorrect|{{{srt-sg-n|{{{основа}}}ло}}}}}\n|srt-sg-f={{incorrect|{{{srt-sg-f|{{{основа}}}ла}}}}}\n|srt-pl={{{srt-pl|{{{основа}}}лы}}}\n|nom={{{nom|}}}|non={{{non|}}}|nof={{{nof|}}}\n|суфф={{{суфф|}}}\n}}\n{{#if:{{{hide-text|}}}|\n|<b>{{{слоги| }}}</b>\n\n{{{часть речи|[[прилагательное|Прилагательное]]}}}, {{#if:{{{тип|}}}|{{{тип}}},&nbsp;}}тип склонения по классификации А.&#160;Зализняка&#160;&#8212; {{#if:{{{type|}}}|{{{type}}}|1a, §10}}. В ед. ч. краткая форма обычно избегается из-за совпадения с формами прош. вр. {{#if:{{{основа1|}}}|глагола {{ссылки|{{{основа1}}}ть}}|соответствующего глагола}}. {{#if:{{{степень|}}}|Сравнительная степень — \'\'{{{степень}}}\'\'.}}{{#ifeq:{{{anim}}}|yes|[[Категория:Одушевлённые]]|}}{{#ifeq:{{{anim}}}|no|[[Категория:Неодушевлённые]]|}}\n{{#ifeq:{{{anim}}}|yes|[[Категория:Одушевлённые]]}}{{#ifeq:{{{anim}}}|no|[[Категория:Неодушевлённые]]}}[[Категория:Русские лексемы]][[Категория:Русские прилагательные]][[Категория:{{{Категория|Прилагательные, склонение 1a}}}]]}}\n<noinclude>[[Категория:Шаблоны словоизменений/Прилагательные]]\n\'\'Для прилагательных типа [[умелый]], [[впалый]].\'\'\n</noinclude>', NULL
'150416', 'Прил_ru_4b', '10', '155865', '20211009223406', '2021/10/09 22:34:06', '155829', '{{прил\n|nom-sg-m={{{основа}}}о́й\n|nom-sg-n={{{основа}}}о́е\n|nom-sg-f={{{основа}}}а́я\n|nom-pl={{{основа}}}и́е\n|gen-sg-m={{{основа}}}о́го\n|gen-sg-n={{{основа}}}о́го\n|gen-sg-f={{{основа}}}о́й\n|gen-pl={{{основа}}}и́х\n|dat-sg-m={{{основа}}}о́му\n|dat-sg-n={{{основа}}}о́му\n|dat-sg-f={{{основа}}}о́й\n|dat-pl={{{основа}}}и́м\n|acc-sg-m-a={{{основа}}}о́го\n|acc-sg-m-n={{{основа}}}о́й\n|acc-sg-n={{{основа}}}о́е\n|acc-sg-f={{{основа}}}у́ю\n|acc-pl-a={{{основа}}}и́х\n|acc-pl-n={{{основа}}}и́е\n|ins-sg-m={{{основа}}}и́м\n|ins-sg-n={{{основа}}}и́м\n|ins-sg-f={{{основа}}}о́й {{{основа}}}о́ю\n|ins-pl={{{основа}}}и́ми\n|prp-sg-m={{{основа}}}о́м\n|prp-sg-n={{{основа}}}о́м\n|prp-sg-f={{{основа}}}о́й\n|prp-pl={{{основа}}}и́х\n|краткая={{{краткая|}}}\n|anim={{{anim|}}}\n|srt-sg-m={{{srt-sg-m|{{{основа1}}}}}}\n|srt-sg-n={{{srt-sg-n|{{{основа1}}}о}}}\n|srt-sg-f={{{srt-sg-f|{{{основа1}}}а}}}\n|srt-pl={{{srt-pl|{{{основа1}}}ы}}}\n|nom={{{nom|}}}|non={{{non|}}}|nof={{{nof|}}}\n|суфф={{{суфф|}}}\n}}\n{{прил ru\n|часть речи={{{часть речи|[[прилагательное|Прилагательное]]}}}\n|слоги={{{слоги|}}}\n|основа={{{основа|}}}\n|тип={{{тип|}}}\n|дореф={{{дореф|}}}\n|зализняк={{{type|4b}}}\n|зализняк1={{{зализняк1|}}}\n|anim={{{anim|}}}\n|род={{{род|}}}\n|степень={{{степень|}}}\n|hide-text={{{hide-text|}}}\n|коммент={{{коммент|}}}\n}}<noinclude>[[Категория:Шаблоны словоизменений/Прилагательные]]</noinclude>', NULL
'150921', 'Прил_ru_3b/c', '10', '156372', '20211009222645', '2021/10/09 22:26:45', '156336', '{{прил ru 3b\n|краткая=1\n|anim={{{anim|}}}\n|основа={{{основа}}}\n|srt-sg-m={{{основа1}}}\n|srt-sg-n={{{основа1}}}о\n|srt-sg-f={{{основа}}}а́\n|srt-pl={{{основа1}}}и\n|nom={{{nom|}}}|non={{{non|}}}|nof={{{nof|}}}\n|hide-text={{{hide-text|}}}\n|слоги={{{слоги|}}}\n|тип={{{тип|}}}\n|type=3b/c\n|степень={{{степень|}}}\n}}<noinclude>[[Категория:Шаблоны словоизменений/Прилагательные]]</noinclude>', NULL
'151801', 'Прил_ru_1*a-', '10', '157257', '20211009201541', '2021/10/09 20:15:41', '157220', '{{прил ru 1a\n|краткая=\n|anim={{{anim|}}}\n|основа={{{основа}}}\n|srt-sg-m={{incorrect|{{{основа1}}}}}\n|srt-sg-f={{incorrect|{{{основа}}}а}}\n|srt-sg-n={{incorrect|{{{основа1}}}о}}\n|srt-pl={{incorrect|{{{основа1}}}ы}}\n|nom={{{nom|}}}|non={{{non|}}}|nof={{{nof|}}}\n|hide-text={{{hide-text|}}}\n|слоги={{{слоги|}}}\n|тип={{{тип|}}}\n|род={{{род|}}}\n|type=1*a-\n|зализняк1=1*a—\n|степень={{{степень|}}}\n}}<noinclude>[[Категория:Шаблоны словоизменений/Прилагательные]]</noinclude>', NULL
'157476', 'Прил_ru_4a/b~', '10', '162997', '20211009223220', '2021/10/09 22:32:20', '162959', '{{прил ru 4a\n|краткая=1\n|anim={{{anim|}}}\n|основа={{{основа}}}\n|srt-sg-n={{{основа1}}}о́\n|srt-sg-f={{{основа1}}}а́\n|srt-pl={{{основа1}}}и́\n|nom={{{nom|}}}|non={{{non|}}}|nof={{{nof|}}}\n|hide-text={{{hide-text|}}}\n|слоги={{{слоги|}}}\n|тип={{{тип|}}}\n|type=4a/b~\n|степень=\n}}<noinclude>[[Категория:Шаблоны словоизменений/Прилагательные]]</noinclude>', NULL
'157478', 'Прил_ru_1*a/c\'~', '10', '162999', '20211009201742', '2021/10/09 20:17:42', '162961', '{{прил ru 1a\n|краткая=1\n|anim={{{anim|}}}\n|основа={{{основа}}}\n|srt-sg-m={{{основа1}}}\n|srt-sg-f={{{основа2}}}а́\n|srt-pl={{{основа}}}ы<br>{{{основа2}}}ы́\n|nom={{{nom|}}}|non={{{non|}}}|nof={{{nof|}}}\n|hide-text={{{hide-text|}}}\n|слоги={{{слоги|}}}\n|тип={{{тип|}}}\n|type=1*a/c\'~\n|степень=\n}}<noinclude>[[Категория:Шаблоны словоизменений/Прилагательные]]</noinclude>', NULL
'159193', 'Прил_ru_1a^', '10', '164726', '20180830022325', '2018/08/30 02:23:25', '164688', '{{прил\n|nom-sg-m={{{основа}}}ый\n|nom-sg-n={{{основа}}}ое\n|nom-sg-f={{{основа}}}ая\n|nom-pl={{{основа}}}ые\n|gen-sg-m={{{основа}}}ого\n|gen-sg-n={{{основа}}}ого\n|gen-sg-f={{{основа}}}ой\n|gen-pl={{{основа}}}ых\n|dat-sg-m={{{основа}}}ому\n|dat-sg-n={{{основа}}}ому\n|dat-sg-f={{{основа}}}ой\n|dat-pl={{{основа}}}ым\n|acc-sg-m-a={{{основа}}}ого\n|acc-sg-m-n={{{основа}}}ый\n|acc-sg-n={{{основа}}}ое\n|acc-sg-f={{{основа}}}ую\n|acc-pl-a={{{основа}}}ых\n|acc-pl-n={{{основа}}}ые\n|ins-sg-m={{{основа}}}ым\n|ins-sg-n={{{основа}}}ым\n|ins-sg-f={{{основа}}}ой\n|ins-pl={{{основа}}}ыми\n|prp-sg-m={{{основа}}}ом\n|prp-sg-n={{{основа}}}ом\n|prp-sg-f={{{основа}}}ой\n|prp-pl={{{основа}}}ых\n|краткая={{{краткая|}}}\n|anim={{{anim|}}}\n|srt-sg-m={{{srt-sg-m|{{{основа1}}}}}}\n|srt-sg-n={{{srt-sg-n|{{{основа1}}}о}}}\n|srt-sg-f={{{srt-sg-f|{{{основа1}}}а}}}\n|srt-pl={{{srt-pl|{{{основа1}}}ы}}}\n|nom={{{nom|}}}|non={{{non|}}}|nof={{{nof|}}}\n|суфф={{{суфф|}}}\n}}\n{{#if:{{{hide-text|}}}|\n|<b>{{{слоги| }}}</b>\n\n{{{часть речи}}}, {{#switch:{{{anim}}}|yes= одушевлённое, [[Категория:Одушевлённые]]|no=неодушевлённое, [[Категория:Неодушевлённые]]}}{{#switch:{{{род}}}|m =&#160;мужской род, [[Категория:Мужской род]]|f=&#160;женский род, [[Категория:Женский род]] |n=&#160;средний род, [[Категория:Средний род]]}}{{#if:{{{тип|}}}|{{{тип}}}, }}&#160;тип склонения по классификации А.&#160;Зализняка&#160;— {{{type|1a}}}. {{#if:{{{степень|}}}|Сравнительная степень — \'\'{{{степень}}}\'\'.}}\n[[Категория:Русские лексемы]][[Категория:Русские прилагательные]][[Категория:{{{Категория}}}]]}}<noinclude>[[Категория:Шаблоны словоизменений/Прилагательные]]</noinclude>', NULL
'160879', 'Прил_ru_1b/c\'~', '10', '166436', '20211009221555', '2021/10/09 22:15:55', '166398', '{{прил ru 1b\n|краткая=1\n|anim={{{anim|}}}\n|основа={{{основа}}}\n|srt-sg-m={{{основа1}}}\n|srt-sg-n={{{основа1}}}о\n|srt-sg-f={{{основа}}}а́\n|srt-pl={{{основа1}}}ы, {{{основа}}}ы́\n|nom={{{nom|}}}|non={{{non|}}}|nof={{{nof|}}}\n|hide-text={{{hide-text|}}}\n|слоги={{{слоги|}}}\n|тип={{{тип|}}}\n|type=1b/c\'~\n|степень=\n}}<noinclude>[[Категория:Шаблоны словоизменений/Прилагательные]]</noinclude>', NULL
'161870', 'Прил_ru_4aX~', '10', '167435', '20211009223311', '2021/10/09 22:33:11', '167397', '{{прил ru 4a\n|краткая={{{краткая|}}}\n|anim={{{anim|}}}\n|основа={{{основа}}}\n|nom={{{nom|}}}|non={{{non|}}}|nof={{{nof|}}}\n|hide-text={{{hide-text|}}}\n|слоги={{{слоги|}}}\n|тип={{{тип|}}}\n|type=4aX~\n|степень={{{степень|}}}\n}}<noinclude>[[Категория:Шаблоны словоизменений/Прилагательные]]</noinclude>', NULL
'163179', 'Прил_ru_3*a/c^', '10', '168760', '20211009210720', '2021/10/09 21:07:20', '168722', '{{прил ru 3a\n|краткая=1\n|anim={{{anim|}}}\n|основа={{{основа}}}\n|srt-sg-m={{{основа1}}}\n|srt-sg-f={{{основа2}}}а́\n|nom={{{nom|}}}|non={{{non|}}}|nof={{{nof|}}}\n|hide-text={{{hide-text|}}}\n|слоги={{{слоги|}}}\n|часть речи={{{часть речи|Прилагательное}}}\n|тип={{{тип|}}}\n|степень={{{степень|}}}\n|type=3*a/c\n|зализняк1=3*a/c^\n|коммент=Образование сравнительной степени затруднено.\n}}<noinclude>[[Категория:Шаблоны словоизменений/Прилагательные]]</noinclude>', NULL
'165047', 'Прил_ru_1*aX', '10', '170646', '20211009201955', '2021/10/09 20:19:55', '170608', '{{прил ru 1a\n|anim={{{anim|}}}\n|основа={{{основа}}}\n|srt-sg-m={{{основа1}}}\n|nom={{{nom|}}}|non={{{non|}}}|nof={{{nof|}}}\n|hide-text={{{hide-text|}}}\n|слоги={{{слоги|}}}\n|тип={{{тип|}}}\n|type=1*aX\n|степень={{{степень|}}}\n|дореф={{{дореф|}}}\n}}<noinclude>[[Категория:Шаблоны словоизменений/Прилагательные]]</noinclude>', NULL
'353600', 'Прил_ru_1a/c\'~', '10', '359571', '20211009202658', '2021/10/09 20:26:58', '359531', '{{прил ru 1a\n|краткая=1\n|anim={{{anim|}}}\n|основа={{{основа}}}\n|srt-sg-m={{{основа2|{{{основа}}}}}}\n|srt-sg-n={{{основа2|{{{основа}}}}}}о\n|srt-sg-f={{{основа1}}}а́\n|srt-pl={{{основа2|{{{основа}}}}}}ы<br>{{{основа1}}}ы́\n|nom={{{nom|}}}|non={{{non|}}}|nof={{{nof|}}}\n|hide-text={{{hide-text|}}}\n|слоги={{{слоги|}}}\n|тип={{{тип|}}}\n|type=1a/c\'~\n|степень=\n}}<noinclude>[[Категория:Шаблоны словоизменений/Прилагательные]]</noinclude>', NULL
'363990', 'Прил_ru_3b/c\'~', '10', '370019', '20211009222855', '2021/10/09 22:28:55', '369979', '{{прил ru 3b\n|краткая=1\n|anim={{{anim|}}}\n|основа={{{основа}}}\n|srt-sg-m={{{основа1}}}\n|srt-sg-n={{{основа1}}}о\n|srt-sg-f={{{основа}}}а́\n|srt-pl={{{основа1}}}и, {{{основа}}}и́\n|nom={{{nom|}}}|non={{{non|}}}|nof={{{nof|}}}\n|hide-text={{{hide-text|}}}\n|слоги={{{слоги|}}}\n|тип={{{тип|}}}\n|type=3b/c\'~\n|степень={{{степень|}}}\n}}<noinclude>[[Категория:Шаблоны словоизменений/Прилагательные]]</noinclude>', NULL
'372486', 'Прил_ru_1*a~', '10', '378600', '20211009202803', '2021/10/09 20:28:03', '378560', '{{прил ru 1a\n|краткая=1\n|anim={{{anim|}}}\n|основа={{{основа}}}\n|srt-sg-m={{{основа1}}}\n|nom={{{nom|}}}|non={{{non|}}}|nof={{{nof|}}}\n|hide-text={{{hide-text|}}}\n|слоги={{{слоги|}}}\n|тип={{{тип|}}}\n|type=1*a~\n|степень=\n}}<noinclude>[[Категория:Шаблоны словоизменений/Прилагательные]]</noinclude>', NULL
'372659', 'Прил_ru_1*b^', '10', '378775', '20220514155025', '2022/05/14 15:50:25', '378735', '{{прил ru 1b\n|краткая=1\n|anim={{{anim|}}}\n|основа={{{основа}}}\n|srt-sg-m={{особ.ф.|{{{основа1}}}}}\n|srt-sg-n={{{srt-sg-n|{{{основа}}}о́}}}\n|srt-sg-f={{{srt-sg-f|{{{основа}}}а́}}}\n|srt-pl={{{srt-pl|{{{основа}}}ы́}}}\n|nom={{{nom|}}}|non={{{non|}}}|nof={{{nof|}}}\n|hide-text={{{hide-text|}}}\n|слоги={{{слоги|}}}\n|тип={{{тип|}}}\n|type=1*b^\n|степень={{{степень|{{{основа}}}е́е, {{{основа}}}е́й, по{{{основа}}}е́е, по{{{основа}}}е́й}}}\n}}<noinclude>[[Категория:Шаблоны словоизменений/Прилагательные]]</noinclude>', NULL
'480201', 'Прил_ru_1*a/b~', '10', '486435', '20211009203446', '2021/10/09 20:34:46', '486393', '{{прил ru 1a\n|краткая=1\n|anim={{{anim|}}}\n|основа={{{основа}}}\n|srt-sg-m={{{основа1}}}\n|srt-sg-n={{{основа2}}}о́\n|srt-sg-f={{{основа2}}}а́\n|srt-pl={{{основа2}}}ы́\n|nom={{{nom|}}}|non={{{non|}}}|nof={{{nof|}}}\n|hide-text={{{hide-text|}}}\n|слоги={{{слоги|}}}\n|тип={{{тип|}}}\n|type=1*a/b~\n|степень=\n}}<noinclude>[[Категория:Шаблоны словоизменений/Прилагательные]]</noinclude>', NULL
'497912', 'Прил_ru-old', '10', '504310', '20100202071240', '2010/02/02 07:12:40', '504268', '<span style=\"font-family: Palatino Linotype, Arial Unicode MS;\"><b>{{{слоги|}}}</b></span>\n\nПрилагательное.{{#ifeq:{{NAMESPACE}}|{{ns:Template}}||<includeonly>[[Категория:Прилагательные в дореформенной орфографии]]</includeonly>}}<noinclude>[[Категория:Шаблоны словоизменений/ru-old]]</noinclude>', NULL
'500173', 'Прил_ru_1*a/Документация', '10', '506599', '20100225140151', '2010/02/25 14:01:51', '506557', '<noinclude>{{docpage}}</noinclude>\n\n== Описание ==\nИспользуется при описании морфологических и синтаксических свойств прилагательных, имеющих тип 1*a по Зализняку.\n\n== Параметры ==\n{| class=\"wikitable\"\n! параметр \n! описание\n|-\n| \'\'\'основа\'\'\'\n| слово без окончания\n|-\n| \'\'\'основа1, основа2\'\'\'\n| дополнительные варианты основы краткой формы\n|-\n| \'\'\'краткая\'\'\'\n| если параметр указан, то краткая форма существует\n|-\n| \'\'\'слоги\'\'\'\n| слово по слогам\n|-\n| \'\'\'часть речи\'\'\'\n| часть речи, склоняющаяся по адъективной форме\n|-\n| \'\'\'Категория\'\'\'\n| категория по склонению\n|-\n| \'\'\'тип\'\'\'\n| тип прилагательного\n|-\n| \'\'\'степень\'\'\'\n| форма сравнительной степени или слово «\'\'\'да\'\'\'» для подстановки всех сравнительных степеней\n|-\n| \'\'\'anim\'\'\'\n| одушевлённость (\'\'yes\'\'/\'\'no\'\')\n|-\n| \'\'\'nom/non/nof\'\'\'\n| если соответствующий параметр указан, то форма соответственно мужского/среднего/женского рода не используется\n|}\n\n== Пример ==\n<pre>\n{{прил ru 1*a\n|основа = тру́дн\n|основа1 =тру́ден\n|show-text=1\n|слоги={{по слогам|тру́|дный}}\n|часть речи=Прилагательное (качественное)\n|Категория=Прилагательные, склонение 1*a\n|степень=да\n}}\n</pre>\n{{прил ru 1*a\n|основа = тру́дн\n|основа1 =тру́ден\n|show-text=1\n|слоги={{по слогам|тру́|дный}}\n|часть речи=Прилагательное (качественное)\n|Категория=Прилагательные, склонение 1*a\n|степень=да\n}}', NULL
'503051', 'Прил_ru_1a?', '10', '509510', '20100327123000', '2010/03/27 12:30:00', '509464', '#перенаправление [[Шаблон:прил ru 1a?10]]', NULL
'503052', 'Прил_ru_1a?7', '10', '509511', '20180830021909', '2018/08/30 02:19:09', '509465', '{{прил\n|nom-sg-m={{{основа}}}ый\n|nom-sg-n={{{основа}}}ое\n|nom-sg-f={{{основа}}}ая\n|nom-pl={{{основа}}}ые\n|gen-sg-m={{{основа}}}ого\n|gen-sg-n={{{основа}}}ого\n|gen-sg-f={{{основа}}}ой\n|gen-pl={{{основа}}}ых\n|dat-sg-m={{{основа}}}ому\n|dat-sg-n={{{основа}}}ому\n|dat-sg-f={{{основа}}}ой\n|dat-pl={{{основа}}}ым\n|acc-sg-m-a={{{основа}}}ого\n|acc-sg-m-n={{{основа}}}ый\n|acc-sg-n={{{основа}}}ое\n|acc-sg-f={{{основа}}}ую\n|acc-pl-a={{{основа}}}ых\n|acc-pl-n={{{основа}}}ые\n|ins-sg-m={{{основа}}}ым\n|ins-sg-n={{{основа}}}ым\n|ins-sg-f={{{основа}}}ой {{{основа}}}ою\n|ins-pl={{{основа}}}ыми\n|prp-sg-m={{{основа}}}ом\n|prp-sg-n={{{основа}}}ом\n|prp-sg-f={{{основа}}}ой\n|prp-pl={{{основа}}}ых\n|краткая=1\n|anim={{{anim|}}}\n|srt-sg-m=\'\'{{{srt-sg-m|{{{основа}}}}}}\'\'\n|srt-sg-n=\'\'{{{srt-sg-n|{{{основа}}}о}}}\'\'\n|srt-sg-f=\'\'{{{srt-sg-f|{{{основа}}}а}}}\'\'\n|srt-pl=\'\'{{{srt-pl|{{{основа}}}ы}}}\'\'\n|nom={{{nom|}}}|non={{{non|}}}|nof={{{nof|}}}\n|суфф={{{суфф|}}}\n}}\n{{#if:{{{hide-text|}}}|\n|<b>{{{слоги| }}}</b>\n\n{{{часть речи|Прилагательное}}}, {{#if:{{{тип|}}}|{{{тип}}},&nbsp;}}тип склонения по классификации А.&#160;Зализняка&#160;&#8212; {{#if:{{{type|}}}|{{{type}}}|1a}}. В ед. ч. краткая форма обычно избегается{{#if:{{{гл|}}}|&#32;из-за совпадения с формами прич. от глагола {{{гл}}}}}. {{#if:{{{степень|}}}|Сравнительная степень — \'\'{{#switch:{{{степень}}}|1={{{основа}}}ее, {{{основа}}}ей|{{{степень}}}}}\'\'.}}{{#ifeq:{{{anim}}}|yes|[[Категория:Одушевлённые]]|}}{{#ifeq:{{{anim}}}|no|[[Категория:Неодушевлённые]]|}}\n{{#ifeq:{{{anim}}}|yes|[[Категория:Одушевлённые]]}}{{#ifeq:{{{anim}}}|no|[[Категория:Неодушевлённые]]}}[[Категория:Русские лексемы]][[Категория:Русские прилагательные]][[Категория:{{{Категория|Прилагательные, склонение 1a}}}]]}}<noinclude>[[Категория:Шаблоны словоизменений/Прилагательные]]\nДля прилагательных типа [[гружёный]], [[вязаный]].\n</noinclude>', NULL
'510310', 'Прил_rup', '10', '516874', '20100623054757', '2010/06/23 05:47:57', '516828', '<b>{{{слоги|}}}</b>\n\nПрилагательное.<includeonly>[[Категория:Арумынские прилагательные]]</includeonly><noinclude>[[Категория:Шаблоны словоизменений/rup]]</noinclude>', NULL
'571868', 'Прил_ru_3a/c\"~', '10', '580678', '20211009210906', '2021/10/09 21:09:06', '580630', '{{прил ru 3a\n|краткая=1\n|anim={{{anim|}}}\n|основа={{{основа}}}\n|srt-sg-n={{{основа}}}о<br>{{{основа1}}}о́\n|srt-sg-f={{{основа1}}}а́\n|srt-pl={{{основа}}}и<br>{{{основа1}}}и́\n|nom={{{nom|}}}|non={{{non|}}}|nof={{{nof|}}}\n|hide-text={{{hide-text|}}}\n|слоги={{{слоги|}}}\n|тип={{{тип|}}}\n|type=3a/c\"~\n|степень=\n}}<noinclude>[[Категория:Шаблоны словоизменений/Прилагательные]]</noinclude>', NULL
'707809', 'Прил_ru_1b/c~^', '10', '717897', '20211009221624', '2021/10/09 22:16:24', '717847', '{{прил ru 1b\n|краткая=1\n|anim={{{anim|}}}\n|основа={{{основа}}}\n|srt-sg-m={{{основа1}}}\n|srt-sg-n={{{основа1}}}о\n|srt-sg-f={{{основа}}}а́\n|srt-pl={{{основа1}}}ы\n|nom={{{nom|}}}|non={{{non|}}}|nof={{{nof|}}}\n|hide-text={{{hide-text|}}}\n|слоги={{{слоги|}}}\n|тип={{{тип|}}}\n|type=1b/c~^\n|степень=\n}}<noinclude>[[Категория:Шаблоны словоизменений/Прилагательные]]</noinclude>', NULL
'708328', 'Прил_ru_3*a~', '10', '718426', '20211009210932', '2021/10/09 21:09:32', '718376', '{{прил ru 3a\n|краткая=1\n|anim={{{anim|}}}\n|основа={{{основа}}}\n|srt-sg-m={{{основа1}}}\n|srt-sg-n={{{основа}}}о\n|srt-sg-f={{{основа}}}а\n|nom={{{nom|}}}|non={{{non|}}}|nof={{{nof|}}}\n|hide-text={{{hide-text|}}}\n|слоги={{{слоги|}}}\n|тип={{{тип|}}}\n|type=3*a~\n|степень=\n}}<noinclude>[[Категория:Шаблоны словоизменений/Прилагательные]]</noinclude>', NULL
'717825', 'Прил_ru_сравн', '10', '727942', '20210301123408', '2021/03/01 12:34:08', '727892', '<b>{{{слоги|}}}</b>\n\n[[прилагательное|Прилагательное]], сравнительная степень{{#if:{{{основа|{{{1|}}}}}}|&#32;к {{aslinks|{{{основа|{{{1|}}}}}}|*,;|без пробелов=1}}}}{{#if:{{{или|}}}|, также {{{или}}}{{#if:{{{основа1|{{{2|}}}}}}|&#32;(сравн. степень к {{aslinks|{{{основа1|{{{2|}}}}}}|*,;|без пробелов=1}})}}<includeonly>{{main other|[[Категория:Русские {{{или-кат}}}]]}}</includeonly>{{#if:{{{или1|}}}|, также {{{или1}}}{{#if:{{{основа1|{{{2}}}}}}|&#32;(сравн. степень к {{{3|{{{основа1|{{{2}}}}}}}}})}}<includeonly>{{main other|[[Категория:Русские {{{или1-кат}}}]]}}</includeonly>}}}}; неизменяемое.<includeonly>{{main other|[[Категория:Русские прилагательные]]}}</includeonly><noinclude>{{doc}}\n</noinclude>', NULL
'733073', 'Прил_ru_1b/c~', '10', '743266', '20211009221608', '2021/10/09 22:16:08', '743216', '{{прил ru 1b\n|краткая=1\n|anim={{{anim|}}}\n|основа={{{основа}}}\n|srt-sg-m={{{основа1}}}\n|srt-sg-n={{{основа2}}}о\n|srt-sg-f={{{основа}}}а́\n|srt-pl={{{основа2}}}ы\n|nom={{{nom|}}}|non={{{non|}}}|nof={{{nof|}}}\n|hide-text={{{hide-text|}}}\n|слоги={{{слоги|}}}\n|тип={{{тип|}}}\n|type=1b/c~\n|степень=\n}}<noinclude>[[Категория:Шаблоны словоизменений/Прилагательные]]</noinclude>', NULL
'736031', 'Прил_rue', '10', '746239', '20130815031026', '2013/08/15 03:10:26', '746189', '{{#if:{{{слоги|}}}|\'\'\'{{{слоги}}}\'\'\'\n\n}}\n\nПрилагательное.<includeonly>[[Категория:Русинские прилагательные]]</includeonly><noinclude>[[Категория:Шаблоны словоизменений/rue]]</noinclude>', NULL
'769481', 'Прил_ru_1b?', '10', '779906', '20140531123649', '2014/05/31 12:36:49', '779852', '#Redirect [[Шаблон:прил ru 1bX]]', NULL
'826389', 'Прил_ru_1*a\'-', '10', '838143', '20211009204009', '2021/10/09 20:40:09', '838089', '{{прил ru 1a\n|краткая=1\n|anim={{{anim|}}}\n|основа={{{основа}}}\n|srt-sg-m={{incorrect|{{{основа1}}}}}<br />{{incorrect|{{{основа}}}}}\n|srt-sg-f={{incorrect|{{{основа}}}а}}<br />{{incorrect|{{{основа2}}}а́}}\n|nom={{{nom|}}}|non={{{non|}}}|nof={{{nof|}}}\n|hide-text={{{hide-text|}}}\n|слоги={{{слоги|}}}\n|часть речи={{{часть речи|Прилагательное}}}\n|тип={{{тип|}}}\n|type=1*a\'\n|зализняк1=1*a\' // 1a\'\n|степень={{{степень|{{{основа}}}е́е, {{{основа}}}е́й, по{{{основа}}}е́е, по{{{основа}}}е́й}}}\n}} Образование кратких форм мужского и женского рода затруднено.<includeonly>[[Категория:Прилагательные, склонение 1a\']]<noinclude>[[Категория:Шаблоны словоизменений/Прилагательные]]</noinclude>', NULL
'829217', 'Прил_ru_3*a/c\'^-к', '10', '841000', '20211009211040', '2021/10/09 21:10:40', '840946', '{{прил ru 3a\n|краткая=1\n|anim={{{anim|}}}\n|основа={{{основа}}}\n|srt-sg-m={{{основа1}}}<br>{{{основа2}}}\n|srt-sg-n={{{основа4}}}о<br>{{{основа}}}о\n|srt-sg-f={{{основа3}}}а́\n|srt-pl={{{основа4}}}и<br>{{{основа3}}}и́<br>{{{основа}}}и\n|nom={{{nom|}}}|non={{{non|}}}|nof={{{nof|}}}\n|hide-text={{{hide-text|}}}\n|слоги={{{слоги|}}}\n|тип={{{тип|}}}\n|type=3*a/c\'^\n|зализняк1=3*a/c\' △\n|степень={{{степень|}}}\n}}<noinclude>[[Категория:Шаблоны словоизменений/Прилагательные]]</noinclude>', NULL
'857912', 'Прил_ru_1a/c-ё', '10', '870134', '20211009204224', '2021/10/09 20:42:24', '870080', '{{прил ru 1a\n|краткая=1\n|anim={{{anim|}}}\n|основа={{{основа}}}\n|srt-sg-m={{{основа1}}}\n|srt-sg-n={{{основа1}}}о\n|srt-sg-f={{{основа2}}}а́\n|srt-pl={{{основа1}}}ы\n|nom={{{nom|}}}|non={{{non|}}}|nof={{{nof|}}}\n|hide-text={{{hide-text|}}}\n|слоги={{{слоги|}}}\n|тип={{{тип|}}}\n|type=1a/c-ё\n|степень={{{степень|}}}\n|дореф={{{дореф|}}}\n}}<noinclude>[[Категория:Шаблоны словоизменений/Прилагательные]]</noinclude>', NULL
'1042916', 'Прил_ru_1a-', '10', '1058541', '20211009204412', '2021/10/09 20:44:12', '1058482', '{{прил ru 1a\n|краткая=1\n|anim={{{anim|}}}\n|основа={{{основа}}}\n|srt-sg-m={{incorrect|{{{основа}}}}}\n|srt-sg-f={{{основа}}}а\n|srt-sg-n={{{основа}}}о\n|srt-pl={{{основа}}}ы\n|nom={{{nom|}}}|non={{{non|}}}|nof={{{nof|}}}\n|hide-text={{{hide-text|}}}\n|слоги={{{слоги|}}}\n|тип={{{тип|}}}\n|род={{{род|}}}\n|type=1a-\n|{{#if:{{{степень|}}}|степень={{{основа}}}ее, {{{основа}}}ей, по{{{основа}}}ее, по{{{основа}}}ей}}\n}} Образование краткой формы мужского рода затруднено.<noinclude>[[Категория:Шаблоны словоизменений/Прилагательные]]</noinclude>', NULL
'1147091', 'Прил_ru_3a/b~', '10', '1163474', '20211009211146', '2021/10/09 21:11:46', '1163414', '{{прил ru 3a\n|краткая=1\n|anim={{{anim|}}}\n|основа={{{основа}}}\n|srt-sg-f={{{основа1}}}а́\n|srt-sg-n={{{основа1}}}о́\n|srt-pl={{{основа1}}}и́\n|nom={{{nom|}}}|non={{{non|}}}|nof={{{nof|}}}|nol={{{nol|}}}\n|hide-text={{{hide-text|}}}\n|слоги={{{слоги|}}}\n|тип={{{тип|}}}\n|type=3a/b~\n|степень=\n|дореф={{{дореф|}}}\n}}<noinclude>[[Категория:Шаблоны словоизменений/Прилагательные]]</noinclude>', NULL
'2104973', 'Прил-ru', '10', '2124428', '20190929192114', '2019/09/29 19:21:14', '2124322', '<includeonly>{{#invoke:inflection|get|unit=ru/adj}}{{#ifeq:{{NAMESPACE}}|{{ns:0}}|[[Категория:Русские лексемы]]}}</includeonly><noinclude>{{documentation}}</noinclude>', NULL
'2169848', 'Прил-ru/Документация', '10', '2189579', '20220210122921', '2022/02/10 12:29:21', '2189473', '<noinclude>{{docpage}}</noinclude>\n{{lua|Модуль:inflection}}<div style=\"clear: {{{clear|right}}}; margin-bottom: .5em; float: right; padding: .5em 0 .8em 1.4em; background: none; width: {{{width|{{{1|auto}}}}}}; max-width: {{{max-width|none}}};\" {{#if: {{{limit|}}} | class=\"toclimit-{{{limit}}}\" }}>__TOC__</div>\nУлучшенный шаблон описания морфологии русских прилагательных с использованием алгоритма А. А. Зализняка.\n\n== Использование ==\n\n=== Обязательные параметры ===\n* <code>\'\'\'|слово=\'\'\'</code> \'\'(или \'\'\'первый\'\'\' неименованный)\'\' — прилагательное в начальной форме с проставленным \'\'\'ударением\'\'\'.\n: \'\'\'Примечание:\'\'\' Не следует проставлять ударение в односложных словах или в словах, содержащих \'\'«ё»\'\' под основным ударением.\n\n* <code>\'\'\'|индекс=\'\'\'</code> \'\'(или \'\'\'второй\'\'\' неименованный)\'\' — индекс для генерации словоформ и вывода морфологического описания.\n: Используется полный индекс из «Грамматического словаря русского языка» А. А. Зализняка (до символов двоеточия и точки с запятой и не включая указания за специальными знаками ∆ и ✧, отсылки к другому слову, различные словесные указания о формах и указания значений).\n\n=== Необязательные параметры ===\n* <code>|hide-text=1</code> — скрывает описание морфологических свойств.\n* <code>|слоги=</code> — разбивка слова по слогам, см. {{шаблон|по-слогам}}.\n* <code>|тип=</code> — <code>к</code>, <code>о</code> или <code>п</code> — качественное, относительное или притяжательное.\n* <code>|степень=</code> — форма сравнительной степени, если она отличается от стандартной.\n* <code>|коммент=</code> — комментарий, размещающийся в конце блока описания.\n* <code>|дореф=</code> — написание в дореформенной орфографии (только встречающиеся в текстах; словарный вариант предпочтительнее).\n<!-- \nВозможно также перезаписать любую нестандартную словоформу (перезаписанные формы снабжаются символом треугольника):\n{{кол|2}}\n*<code>|nom-sg=</code> — именительный падеж единственного числа\n*<code>|gen-sg=</code> — родительный падеж единственного числа\n*<code>|dat-sg=</code> — дательный падеж единственного числа\n*<code>|acc-sg=</code> — винительный падеж единственного числа\n*<code>|ins-sg=</code> — творительный падеж единственного числа\n*<code>|prp-sg=</code> — предложный падеж единственного числа\n*<code>|nom-pl=</code> — именительный падеж множественного числа\n*<code>|gen-pl=</code> — родительный падеж множественного числа\n*<code>|dat-pl=</code> — дательный падеж множественного числа\n*<code>|acc-pl=</code> — винительный падеж множественного числа\n*<code>|ins-pl=</code> — творительный падеж множественного числа\n*<code>|prp-pl=</code> — предложный падеж множественного числа\n{{конец кол}}-->\n\n== Построение индекса ==\n\n=== Общая схема индекса ===\nСведения об индексе можно извлечь непосредственно из «Грамматического словаря» А. А. Зализняка. Можно также построить его самостоятельно.\n\n{| class=\"wikitable\" style=\"text-align: center;\"\n|-\n! Секция\n! Примеры значений\n|-\n! [[#Цифра|Цифра]]\n| от <code>0</code> до <code>6</code>\n|-\n! [[#Чередование|Есть чередование]]\n| <code>*</code>\n|-\n! [[#Схема ударения полных форм|Схема ударения полных форм]]\n| <code>a</code> / <code>b</code>\n|-\n! style=\"font-weight: normal;\" | \'\'Косая черта\'\'\n| <code>/</code>\n|-\n! rowspan=\"5\" | [[#Схема ударения кратких форм|Схема ударения кратких форм]]\n| <code>a</code> / <code>b</code> / <code>c</code>\n|-\n| <code>a′</code> <span style=\"color: silver;\">или</span> <code>a\'</code> \n|-\n| <code>b′</code> <span style=\"color: silver;\">или</span> <code>b\'</code> \n|-\n| <code>c′</code> <span style=\"color: silver;\">или</span> <code>c\'</code>\n|-\n| <code>c′′</code> <span style=\"color: silver;\">или</span> <code>c<nowiki>\'\'</nowiki></code>\n|-\n| colspan=\"2\" | NB. Вместо <code>a/a</code> записывается просто <code>a</code>, вместо <code>a/a′</code> — <code>a′</code>, вместо <code>b/b</code> — <code>b</code>.\n|-\n! rowspan=\"2\" | [[#Цифра в кружке|Цифра в кружке]]\n| <code>①</code> <span style=\"color: silver;\">или</span> <code>(1)</code>\n|-\n| <code>②</code> <span style=\"color: silver;\">или</span> <code>(2)</code>\n|-\n! rowspan=\"3\" | [[#Минус / крестик / крестик в квадрате|Минус / крестик / крестик в квадрате]]\n| <code>—</code> <span style=\"color: silver;\">или</span> <code>-</code>\n|-\n| <code>✕</code> <span style=\"color: silver;\">или</span> <code>X</code>\n|-\n| <code>⊠</code> <span style=\"color: silver;\">или</span> <code>(X)</code>\n|-\n! [[#Тильда|Тильда]]\n| <code>~</code>\n|-\n! style=\"font-weight: normal;\" | \'\'Запятая и пробел\'\'\n| <code>,&nbsp;</code>\n|- \n! [[#Помета «ё»|Помета «ё»]]\n| <code>ё</code>\n|}\n\n=== Цифра ===\nЦифра индекса обозначает тип склонения. \n* <code>0</code> — несклоняемое прилагательное\n* <code>1</code> — основа на твёрдую согласную\n* <code>2</code> — основа на мягкую согласную\n* <code>3</code> — основа на заднеязычную согласную (\'\'г\'\', \'\'к\'\', \'\'х\'\')\n* <code>4</code> — основа на шипящую согласную (\'\'ж\'\', \'\'ч\'\', \'\'ш\'\', \'\'щ\'\')\n* <code>5</code> — основа на \'\'ц\'\'\n* <code>6</code> — основа на гласную\n\n=== Чередование ===\nЗвёздочка (<code>*</code>) показывает наличие беглой гласной в краткой форме мужского рода: \'\'горький\'\' — \'\'гор\'\'\'е\'\'\'к\'\', \'\'мягкий\'\' — \'\'мяг\'\'\'о\'\'\'к\'\', \'\'разносторонний\'\' — \'\'разносторон\'\'\'е\'\'\'н\'\'.\n\n=== Схема ударения полных форм ===\n{| class=\"wikitable\" style=\"text-align: center\"\n! colspan=\"2\" | Схема ударения\n|-\n! a\n! b\n|-\n| <big>■ ○</big> <br />\'\'но́вый\'\' <br /> \'\'но́вого\'\' <br /> \'\'но́вому\'\' <br /> …\n| <big>□ ●</big> <br />\'\'седо́й\'\' <br /> \'\'седо́го\'\' <br /> \'\'седо́му\'\' <br /> …\n|-\n|colspan=2 align=left|■ — ударение на основе. <br />● — ударение на окончании.\n|}\n\n=== Схема ударения кратких форм ===\n{| class=\"wikitable\" style=\"text-align: center\"\n! rowspan=\"2\" | Словоформа\n! colspan=\"7\" | Схема ударения\n|-\n! a\n! b\n! c\n! a′\n! b′\n! c′\n! c′′\n|-\n! Женский род\n| <big>■ ○</big> <br />\'\'удо́бна\'\'\n| <big>□ ●</big> <br />\'\'смешна́\'\'\n| <big>□ ●</big> <br />\'\'громка́\'\'\n| &nbsp;&nbsp;&nbsp;<big>■ ○</big> // <big>□ ●</big> <br />\'\'вла́стна\'\' // \'\'властна́\'\'\n| <big>□ ●</big> <br />\'\'свежа́\'\'\n| <big>□ ●</big> <br />\'\'верна́\'\'\n| <big>□ ●</big> <br />\'\'красна́\'\'\n|-\n! Средний род\n| <big>■ ○</big> <br />\'\'удо́бно\'\'\n| <big>□ ●</big> <br />\'\'смешно́\'\'\n| <big>■ ○</big> <br />\'\'гро́мко\'\'\n| <big>■ ○</big> <br />\'\'вла́стно\'\'\n| <big>□ ●</big> <br />\'\'свежо́\'\'\n| <big>■ ○</big> <br />\'\'ве́рно\'\'\n| &nbsp;&nbsp;&nbsp;<big>■ ○</big> // <big>□ ●</big> <br />\'\'кра́сно\'\' // \'\'красно́\'\'\n|-\n! Мн. число\n| <big>■ ○</big> <br />\'\'удо́бны\'\'\n| <big>□ ●</big> <br />\'\'смешны́\'\'\n| <big>■ ○</big> <br />\'\'гро́мки\'\'\n| <big>■ ○</big> <br />\'\'вла́стны\'\'\n| &nbsp;&nbsp;&nbsp;<big>■ ○</big> // <big>□ ●</big> <br />\'\'све́жи\'\' // \'\'свежи́\'\'\n| &nbsp;&nbsp;&nbsp;<big>■ ○</big> // <big>□ ●</big> <br />\'\'ве́рны\'\' // \'\'верны́\'\'\n| &nbsp;&nbsp;&nbsp;<big>■ ○</big> // <big>□ ●</big> <br />\'\'кра́сны\'\' // \'\'красны́\'\'\n|-\n|colspan=8|■ — ударение на основе. <br />● — ударение на окончании.\n|}\n\n=== Цифра в кружке ===\nИмеется отклонение от стандартного склонения.\n* ①: в краткой форме мужского рода утрачивается конечное \'\'н\'\' основы: \'\'болезненный — болезнен\'\'.\n* ②: во всех кратких формах утрачивается конечное \'\'н\'\' основы: \'\'искушённый — искушён, искушена, искушено, искушены\'\'.\n\n=== Минус / крестик / крестик в квадрате ===\nОзначают отсутствие, предположительность или затруднительность образования кратких форм.\n* Минус (<code>—</code>): сведения об образовании краткой формы мужского рода, вытекающие из индекса, предположительны (у большинства прилагательных на согласную + \'\'ний\'\' и отыменных прилагательных на \'\'-енный\'\').\n* Крестик (<code>✕</code>): образование кратких форм затруднительно (у прилагательных на \'\'-ский, -цкий, -ший\'\').\n* Крестик в квадрате (<code>⊠</code>): краткой формы мужского рода нет, образование остальных кратких форм затруднительно (у большинства прилагательных на \'\'-ой\'\').\n\n=== Тильда ===\nПоказывает, что от данного прилагательного не образуется сравнительная степень.\n\n=== Помета «ё» ===\nВ основе слова происходит чередование \'\'\'ё → е\'\'\': \'\'тяжёлый\'\' — \'\'тяжела́\'\'.\n\n=== Прочие символы ===\n* Квадратные скобки (<code>[]</code>): указанная внутри таких скобок особенность является факультативной, то есть существует два варианта склонения — с этой особенностью и без неё (практически внутри скобок встречается цифра в кружке).\n* Угловые скобки (<code><></code>): слово склоняется по образцу, указанному внутри таких скобок: \'\'ли́сий\'\' <мс 6*a>, прилагательное склоняется по местоименному склонению.\n\n<includeonly>\n[[Категория:Шаблоны словоизменений/Прилагательные|*]]\n</includeonly>', NULL
'2247823', 'Прил_ru_1a//устар._1a/b', '10', '2268642', '20211009204914', '2021/10/09 20:49:14', '2268534', '{{прил ru 1a\n|краткая=1\n|anim={{{anim|}}}\n|основа={{{основа}}}\n|srt-sg-n={{{основа}}}о<br>{{особ.ф.|{{{основа1}}}о́}}\n|srt-sg-f={{{основа}}}а<br>{{особ.ф.|{{{основа1}}}а́}}\n|srt-pl={{{основа}}}ы<br>{{особ.ф.|{{{основа1}}}ы́}}\n|nom={{{nom|}}}|non={{{non|}}}|nof={{{nof|}}}\n|hide-text={{{hide-text|}}}\n|слоги={{{слоги|}}}\n|тип={{{тип|}}}\n|type=1a/b\n|зализняк1=1a // устар. 1a/b\n|степень={{{степень|{{{основа}}}ее, {{{основа}}}ей, {{особ.ф.|[[{{{основа1}}}ее|{{{основа1}}}е́е]]}}, {{особ.ф.|[[{{{основа1}}}ей|{{{основа1}}}е́й]]}}, по{{{основа}}}ее, по{{{основа}}}ей, {{особ.ф.|[[по{{{основа1}}}ее|по{{{основа1}}}е́е]]}}, {{особ.ф.|[[по{{{основа1}}}ей|по{{{основа1}}}е́й]]}}}}}\n}}<noinclude>[[Категория:Шаблоны словоизменений/Прилагательные]]</noinclude>', NULL
'2249859', 'Прил_ru_сравн/Документация', '10', '2270711', '20210301132345', '2021/03/01 13:23:45', '2270603', '<noinclude>{{docpage}}</noinclude>\n=== Параметры ===\n<templatedata>\n{\n	\"params\": {\n		\"1\": {\n			\"aliases\": [\n				\"осново\"\n			],\n			\"description\": \"положительная степень прилагательного\",\n			\"example\": \"лёгкий\",\n			\"type\": \"string\",\n			\"required\": true\n		},\n		\"2\": {\n			\"aliases\": [\n				\"основа1\"\n			],\n			\"description\": \"положительная степень части речи указанной в \\\"или\\\" \",\n			\"example\": \"легко\",\n			\"type\": \"string\"\n		},\n		\"3\": {\n			\"type\": \"string\",\n			\"description\": \"положительная степень части речи указанной в \\\"или1\\\" \"\n		},\n		\"или\": {\n			\"description\": \"первая часть речи также\",\n			\"example\": \"наречие\",\n			\"type\": \"string\"\n		},\n		\"или-кат\": {\n			\"description\": \"категория для части речи указанной в параметре \\\"или\\\"\",\n			\"example\": \"наречия\",\n			\"type\": \"string\"\n		},\n		\"или1\": {\n			\"description\": \"вторая часть речи также\",\n			\"example\": \"предикатив\",\n			\"type\": \"string\"\n		},\n		\"или1-кат\": {\n			\"description\": \"категория для части речи указанной в параметре \\\"или1\\\"\",\n			\"type\": \"string\",\n			\"default\": \"предикативы\"\n		},\n		\"слоги\": {\n			\"description\": \"слово по-слогам\",\n			\"example\": \"{{по-слогам|ле́г|че}}\",\n			\"type\": \"unbalanced-wikitext\"\n		}\n	},\n	\"description\": \"Шаблон оформления морфологических свойств русских сравнительных прилагательных и наречий\"\n}\n</templatedata>\n=== Заготовка ===\n<pre>\n{{прил ru сравн\n|основа=\n|основа1=\n|слоги={{по-слогам|}}\n|или=\n|или-кат=\n|или1=\n|или1-кат=\n}}</pre>\n\n=== Примеры использования ===\n{| class=\"wikitable\"\n! Код || Результат\n|-\n| valign=top |\n<pre>\n{{прил ru сравн\n|основа=лёгкий\n|основа1=легко\n|слоги={{по-слогам|ле́г|че}}\n|или=наречие\n|или-кат=наречия\n|или1=предикатив\n|или1-кат=предикативы\n}}</pre>\n| valign=top |\n{{прил ru сравн\n|основа=лёгкий\n|основа1=легко\n|слоги={{по-слогам|ле́г|че}}\n|или=наречие\n|или-кат=наречия\n|или1=предикатив\n|или1-кат=предикативы\n}}\n|}\n\n==См. также==\n*{{шаблон|прил ru}}\n*{{шаблон|Форма-прил}}\n\n<includeonly>[[Категория:Шаблоны словоизменений/Прилагательные]]</includeonly>', NULL
'2294275', 'Прил_ru_(мс_1a)', '10', '2315710', '20211003161402', '2021/10/03 16:14:02', '2315602', '#перенаправление [[Шаблон:мест ru 1a-в]]', NULL
'2295359', 'Прил_ru/Документация', '10', '2316809', '20211009225321', '2021/10/09 22:53:21', '2316701', '<noinclude>{{docpage}}</noinclude>\n==Шаблон==\n<pre>{{прил ru \n|основа=\n|основа1=\n|тип=\n|слоги={{по-слогам|}}\n|степень=\n|краткая=\n}}</pre>\n\n===Параметры===\n<templatedata>\n{\n	\"params\": {\n		\"слоги\": {\n			\"description\": \"слово по слогам\",\n			\"type\": \"unbalanced-wikitext\",\n			\"suggestedvalues\": [\n				\"{{по-слогам|}}\"\n			]\n		},\n		\"дореф\": {\n			\"description\": \"написание в дореформенной орфографии (только встречающиеся в текстах; словарный вариант предпочтительнее)\",\n			\"type\": \"string\"\n		},\n		\"часть речи\": {\n			\"description\": \"текстовое описание части речи\",\n			\"default\": \"Прилагательное\",\n			\"type\": \"unbalanced-wikitext\"\n		},\n		\"anim\": {\n			\"description\": \"одушевленное (yes или no)\",\n			\"type\": \"string\",\n			\"suggestedvalues\": [\n				\"yes\",\n				\"no\"\n			]\n		},\n		\"род\": {\n			\"description\": \"род (мужской, женский, средний)\",\n			\"type\": \"string\",\n			\"suggestedvalues\": [\n				\"м\",\n				\"муж\",\n				\"m\",\n				\"ж\",\n				\"жен\",\n				\"f\",\n				\"с\",\n				\"ср\",\n				\"n\"\n			]\n		},\n		\"тип\": {\n			\"description\": \"тип прилагательного (качественное, относительное, притяжательное)\",\n			\"type\": \"string\",\n			\"suggestedvalues\": [\n				\"к\",\n				\"кач\",\n				\"качественное\",\n				\"о\",\n				\"отн\",\n				\"относительное\",\n				\"п\",\n				\"пр\",\n				\"притяжательное\",\n				\"ко\",\n				\"качественное и относительное\"\n			]\n		},\n		\"зализняк\": {\n			\"description\": \"индекс по классификации  А. Зализняка в категории\",\n			\"type\": \"string\"\n		},\n		\"зализняк1\": {\n			\"description\": \"индекс по классификации  А. Зализняка в описании\",\n			\"type\": \"string\"\n		},\n		\"степень\": {\n			\"description\": \"сравнительная степень\",\n			\"type\": \"unbalanced-wikitext\"\n		},\n		\"основа\": {\n			\"description\": \"основа прилагательного\",\n			\"type\": \"string\"\n		},\n		\"коммент\": {\n			\"description\": \"комментарий (выводится в конце описания)\",\n			\"type\": \"unbalanced-wikitext\"\n		},\n		\"скл\": {\n			\"description\": \"тип склонения (мс -- местоименное склонение)\",\n			\"type\": \"string\",\n			\"suggestedvalues\": [\n				\"мс\"\n			]\n		}\n	},\n	\"description\": \"Шаблон используется для текстового описания морфологических свойств прилагательных\",\n	\"paramOrder\": [\n		\"слоги\",\n		\"основа\",\n		\"дореф\",\n		\"часть речи\",\n		\"скл\",\n		\"anim\",\n		\"род\",\n		\"тип\",\n		\"зализняк\",\n		\"зализняк1\",\n		\"степень\",\n		\"коммент\"\n	],\n	\"format\": \"block\"\n}\n</templatedata>\n\n==См. также ==\n* {{шаблон|прил ru сравн}}\n* {{шаблон|Форма-прил}}\n* {{шаблон|прил XX}}\n* {{шаблон|степени сравнения}}\n* {{шаблон|сущ ru}}\n* {{шаблон|гл ru}}\n* [[Викисловарь:Использование словаря Зализняка]]\n* [[Викисловарь:Шаблоны словоизменений]]', NULL
'2304385', 'Прил_ru_1*a/c~', '10', '2325924', '20211121105351', '2021/11/21 10:53:51', '2325816', '{{прил ru 1a\n|краткая=1\n|anim={{{anim|}}}\n|основа={{{основа}}}\n|srt-sg-m={{{основа1}}}\n|srt-sg-f={{{основа2}}}а́\n|nom={{{nom|}}}|non={{{non|}}}|nof={{{nof|}}}\n|hide-text={{{hide-text|}}}\n|слоги={{{слоги|}}}\n|тип={{{тип|}}}\n|type=1*a/c\n|коммент=Образование краткой формы ж. рода затруднительно.\n|степень={{{степень|{{{основа2}}}е́е, {{{основа2}}}е́й}}}\n}}<noinclude>[[Категория:Шаблоны словоизменений/Прилагательные]]</noinclude>', NULL
